ID,Name,Glottocode,Glottolog_Name,ISO639P3code,Macroarea,Latitude,Longitude,Family,Label,Project,ProjectFile,ProjectName,EntryDate,Comment,Link
v_adnyamathanhaadny1235,Adnyamathanha,adny1235,Adnyamathanha,adt,Australia,-30.1451,138.671,Pama-Nyungan,Adnyamathanha_adny1235,varikin,Adnyamathanha_adny1235.txt,,NA,,NA
v_aghulaghu1253,Aghul,aghu1253,Aghul,agx,Eurasia,41.9242,47.5843,Nakh-Daghestanian,Aghul_aghu1253,varikin,Aghul_aghu1253.txt,,NA,,NA
v_aguarunaagua1253,Aguaruna,agua1253,Aguaruna,agr,South America,-5.30044,-77.9218,,Aguaruna_agua1253,varikin,Aguaruna_agua1253.txt,,NA,,NA
v_akhvakhnorthernakhvakhakhv1239,Akhvakh,akhv1239,Akhvakh,akv,Eurasia,42.4003,46.3037,Nakh-Daghestanian,Akhvakh_Northern_Akhvakh__akhv1239,varikin,Akhvakh_Northern_Akhvakh__akhv1239.txt,,NA,,NA
v_akkadianakka1240,Akkadian,akka1240,Akkadian,akk,Eurasia,33.1,44.1,Afro-Asiatic,Akkadian_akka1240,varikin,Akkadian_akka1240.txt,,NA,,NA
v_albanianalba1267,Albanian,alba1267,Albanian,sqi,Eurasia,NA,NA,Indo-European,Albanian_alba1267,varikin,Albanian_alba1267.txt,,NA,,NA
v_albaniantosktosk1239,Northern Tosk Albanian,tosk1239,Northern Tosk Albanian,als,Eurasia,41,20,Indo-European,Albanian_Tosk__tosk1239,varikin,Albanian_Tosk__tosk1239.txt,,NA,,NA
v_alyawarralya1239,Alyawarr,alya1239,Alyawarr,aly,Australia,-21.0427,136.835,Pama-Nyungan,Alyawarr_alya1239,varikin,Alyawarr_alya1239.txt,,NA,,NA
v_amharicamha1245,Amharic,amha1245,Amharic,amh,Africa,11.708182,39.543456,Afro-Asiatic,Amharic_amha1245,varikin,Amharic_amha1245.txt,,NA,,NA
v_amisamis1246,Amis,amis1246,Amis,ami,Papunesia,23.0917,121.348,Austronesian,Amis_amis1246,varikin,Amis_amis1246.txt,,NA,,NA
v_ancientgreekanci1242,Ancient Greek,anci1242,Ancient Greek,grc,Eurasia,39.8155,21.9129,Indo-European,Ancient_Greek_anci1242,varikin,Ancient_Greek_anci1242.txt,,NA,,NA
v_andiandi1255,Andi,andi1255,Andi,ani,Eurasia,42.8078,46.2919,Nakh-Daghestanian,Andi_andi1255,varikin,Andi_andi1255.txt,,NA,,NA
v_angaiteanga1316,Angaité,anga1316,Angaité,aqt,South America,-22.85,-58.45,,Angaite_anga1316,varikin,Angaite_anga1316.txt,,NA,,NA
v_arabanaarab1267,Arabana,arab1267,Arabana,ard,Australia,-28.705,135.449,Pama-Nyungan,Arabana_arab1267,varikin,Arabana_arab1267.txt,,NA,,NA
v_archiarch1244,Archi,arch1244,Archi,aqc,Eurasia,42.3239,46.8267,Nakh-Daghestanian,Archi_arch1244,varikin,Archi_arch1244.txt,,NA,,NA
v_arizonayaquiyaqu1251a,Yaqui,yaqu1251,Yaqui,yaq,North America,29.9446,-110.681,Uto-Aztecan,Arizona_Yaqui_yaqu1251a,varikin,Arizona_Yaqui_yaqu1251a.txt,,NA,,NA
v_armeniannucl1235,Eastern Armenian,nucl1235,Eastern Armenian,hye,Eurasia,40,45,Indo-European,Armenian_nucl1235,varikin,Armenian_nucl1235.txt,,NA,,NA
v_assameseassa1263,Assamese,assa1263,Assamese,asm,Eurasia,26.0876,91.2932,Indo-European,Assamese_assa1263,varikin,Assamese_assa1263.txt,,NA,,NA
v_asutanzaniaasut1235,Asu (Tanzania),asut1235,Asu (Tanzania),asa,Africa,-4.17978,37.8323,Atlantic-Congo,Asu_Tanzania__asut1235,varikin,Asu_Tanzania__asut1235.txt,,NA,,NA
v_atayalatay1247,Atayal,atay1247,Atayal,tay,Papunesia,24.5209,121.388,Austronesian,Atayal_atay1247,varikin,Atayal_atay1247.txt,,NA,,NA
v_atsugewiatsu1245,Atsugewi,atsu1245,Atsugewi,atw,North America,40.4271,-120.661,,Atsugewi_atsu1245,varikin,Atsugewi_atsu1245.txt,,NA,,NA
v_avarancuxancu1238,Ancux,ancu1238,Ancux,,Eurasia,NA,NA,Nakh-Daghestanian,Avar_Ancux__ancu1238,varikin,Avar_Ancux__ancu1238.txt,,NA,,NA
v_avarandalalanda1281,Andalal-Gxdatl,anda1281,Andalal-Gxdatl,,Eurasia,NA,NA,Nakh-Daghestanian,Avar_Andalal__anda1281,varikin,Avar_Andalal__anda1281.txt,,NA,,NA
v_avaravar1256,Avar,avar1256,Avar,ava,Eurasia,41.7047,46.558,Nakh-Daghestanian,Avar_avar1256,varikin,Avar_avar1256.txt,,NA,,NA
v_avarbatluxbatl1238,Batlux,batl1238,Batlux,,Eurasia,NA,NA,Nakh-Daghestanian,Avar_Batlux__batl1238,varikin,Avar_Batlux__batl1238.txt,,NA,,NA
v_avarhiddialecthidd1238,Hid,hidd1238,Hid,,Eurasia,NA,NA,Nakh-Daghestanian,Avar_Hid_dialect__hidd1238,varikin,Avar_Hid_dialect__hidd1238.txt,,NA,,NA
v_avazkhunzakhkunz1243,Kunzakh,kunz1243,Kunzakh,,Eurasia,NA,NA,Nakh-Daghestanian,Avaz_Khunzakh__kunz1243,varikin,Avaz_Khunzakh__kunz1243.txt,,NA,,NA
v_avestanaves1237,Avestan,aves1237,Avestan,ave,Eurasia,31.541,53.633,Indo-European,Avestan_aves1237,varikin,Avestan_aves1237.txt,,NA,,NA
v_ayoreoayor1240,Ayoreo,ayor1240,Ayoreo,ayo,South America,-19.220055,-60.217495,,Ayoreo_ayor1240,varikin,Ayoreo_ayor1240.txt,,NA,,NA
v_aztecclas1250,Classical Nahuatl,clas1250,Classical Nahuatl,nci,North America,19.72,-96.97,Uto-Aztecan,Aztec_clas1250,varikin,Aztec_clas1250.txt,,NA,,NA
v_badimayabadi1246,Badimaya,badi1246,Badimaya,bia,Australia,-29.0647,117.246,Pama-Nyungan,Badimaya_badi1246,varikin,Badimaya_badi1246.txt,,NA,,NA
v_bafiabafi1243,Bafia,bafi1243,Bafia,ksf,Africa,4.72603,11.0982,Atlantic-Congo,Bafia_bafi1243,varikin,Bafia_bafi1243.txt,,NA,,NA
v_bahvalalbagv1239,Bagvalal,bagv1239,Bagvalal,kva,Eurasia,42.3966,46.1041,Nakh-Daghestanian,Bahvalal_bagv1239,varikin,Bahvalal_bagv1239.txt,,NA,,NA
v_balicongobali1274,Bali (Democratic Republic of Congo),bali1274,Bali (Democratic Republic of Congo),bcp,Africa,1.1807,26.5941,Atlantic-Congo,Bali_Congo__bali1274,varikin,Bali_Congo__bali1274.txt,,NA,,NA
v_balidrcbali1275,Bali,bali1275,Ibali Teke,,Africa,NA,NA,Atlantic-Congo,Bali_DRC__bali1275,varikin,Bali_DRC__bali1275.txt,,NA,,NA
v_balochibalo1260,Balochic,balo1260,Balochic,,,NA,NA,Indo-European,Balochi_balo1260,varikin,Balochi_balo1260.txt,,NA,,NA
v_bamunbamu1253,Bamun,bamu1253,Bamun,bax,Africa,5.49017,10.8477,Atlantic-Congo,Bamun_bamu1253,varikin,Bamun_bamu1253.txt,,NA,,NA
v_bandjalangband1339,Bandjalangic,band1339,Bandjalangic,,Australia,-28.3458,152.859,Pama-Nyungan,Bandjalang_band1339,varikin,Bandjalang_band1339.txt,,NA,,NA
v_bannockbann1248,Bannock,bann1248,Bannock,,North America,NA,NA,Uto-Aztecan,Bannock_bann1248,varikin,Bannock_bann1248.txt,,NA,,NA
v_baribari1297,Barí,bari1297,Barí,mot,South America,9.08497,-72.9353,,Bari_bari1297,varikin,Bari_bari1297.txt,,NA,,NA
v_basquebasq1248,Basque,basq1248,Basque,eus,Eurasia,43.2787,-1.31622,,Basque_basq1248,varikin,Basque_basq1248.txt,,NA,,NA
v_basquewest1508,Western Low Navarrese,west1508,Western Low Navarrese,,Eurasia,NA,NA,,Basque_west1508,varikin,Basque_west1508.txt,,NA,,NA
v_batangabata1285,Batanga,bata1285,Batanga,bnm,Africa,1.397041,9.51011,Atlantic-Congo,Batanga_bata1285,varikin,Batanga_bata1285.txt,,NA,,NA
v_batstsovatushbats1242,Bats,bats1242,Bats,bbl,Eurasia,42.1806,45.344,Nakh-Daghestanian,Bats_Tsova_Tush__bats1242,varikin,Bats_Tsova_Tush__bats1242.txt,,NA,,NA
v_baurebaur1253,Baure,baur1253,Baure,brg,South America,-13.1278,-64.1838,Arawakan,Baure_baur1253,varikin,Baure_baur1253.txt,,NA,,NA
v_belarusianbela1254,Belarusian,bela1254,Belarusian,bel,Eurasia,53.2307,25.6038,Indo-European,Belarusian_bela1254,varikin,Belarusian_bela1254.txt,,NA,,NA
v_bembabemb1257,Bemba (Zambia),bemb1257,Bemba (Zambia),bem,Africa,-10.6122,29.2993,Atlantic-Congo,Bemba_bemb1257,varikin,Bemba_bemb1257.txt,,NA,,NA
v_benatanzaniabena1262,Bena (Tanzania),bena1262,Bena (Tanzania),bez,Africa,-9.26671,35.0364,Atlantic-Congo,Bena_Tanzania__bena1262,varikin,Bena_Tanzania__bena1262.txt,,NA,,NA
v_bendebend1258,Bende,bend1258,Bende,bdp,Africa,-6.22082,30.5926,Atlantic-Congo,Bende_bend1258,varikin,Bende_bend1258.txt,,NA,,NA
v_bengalibeng1280,Bengali,beng1280,Bengali,ben,Eurasia,24,90,Indo-European,Bengali_beng1280,varikin,Bengali_beng1280.txt,,NA,,NA
v_berabera1259,Bera,bera1259,Bera,brf,Africa,1.50054,30.0293,Atlantic-Congo,Bera_bera1259,varikin,Bera_bera1259.txt,,NA,,NA
v_bezhtabezh1248,Bezhta,bezh1248,Bezhta,kap,Eurasia,42.1206,46.0332,Nakh-Daghestanian,Bezhta_bezh1248,varikin,Bezhta_bezh1248.txt,,NA,,NA
v_biharibiha1245,Bihari,biha1245,Bihari,,,NA,NA,Indo-European,Bihari_biha1245,varikin,Bihari_biha1245.txt,,NA,,NA
v_bilabila1255,Bila,bila1255,Bila,bip,Africa,1.16839,28.7626,Atlantic-Congo,Bila_bila1255,varikin,Bila_bila1255.txt,,NA,,NA
v_bindalbind1236,Bindal-Mount Elliot,bind1236,Bindal-Mount Elliot,,Australia,-19.409007,147.002766,Pama-Nyungan,Bindal_bind1236,varikin,Bindal_bind1236.txt,,NA,,NA
v_birhorbirh1242,Birhor,birh1242,Birhor,biy,Eurasia,23.585,85.5611,Austroasiatic,Birhor_birh1242,varikin,Birhor_birh1242.txt,,NA,,NA
v_biribiri1256,Biri,biri1256,Biri,bzr,Australia,-20.1494,146.67,Pama-Nyungan,Biri_biri1256,varikin,Biri_biri1256.txt,,NA,,NA
v_bitbitt1240,Bit,bitt1240,Bit,bgk,Eurasia,21.3474,101.916,Austroasiatic,Bit_bitt1240,varikin,Bit_bitt1240.txt,,NA,,NA
v_boersafri1274,Afrikaans,afri1274,Afrikaans,afr,Africa,-22,30,Indo-European,Boers_afri1274,varikin,Boers_afri1274.txt,,NA,,NA
v_bretonbret1244,Breton,bret1244,Breton,bre,Eurasia,48.2452,-3.78934,Indo-European,Breton_bret1244,varikin,Breton_bret1244.txt,,NA,,NA
v_budukhbudu1248,Budukh,budu1248,Budukh,bdk,Eurasia,41.2272,48.3353,Nakh-Daghestanian,Budukh_budu1248,varikin,Budukh_budu1248.txt,,NA,,NA
v_budzabudz1238,Budza,budz1238,Budza,bja,Africa,2.19951,22.6107,Atlantic-Congo,Budza_budz1238,varikin,Budza_budz1238.txt,,NA,,NA
v_bukusubuku1249,Bukusu,buku1249,Bukusu,bxk,Africa,0.68043,34.7719,Atlantic-Congo,Bukusu_buku1249,varikin,Bukusu_buku1249.txt,,NA,,NA
v_bulgarianbulg1262,Bulgarian,bulg1262,Bulgarian,bul,Eurasia,43.3646,25.047,Indo-European,Bulgarian_bulg1262,varikin,Bulgarian_bulg1262.txt,,NA,,NA
v_bununbunu1267,Bunun,bunu1267,Bunun,bnn,Papunesia,23.4116,121.025,Austronesian,Bunun_bunu1267,varikin,Bunun_bunu1267.txt,,NA,,NA
v_burmesenucl1310,Burmese,nucl1310,Burmese,mya,Eurasia,20.7926,93.9665,Sino-Tibetan,Burmese_nucl1310,varikin,Burmese_nucl1310.txt,,NA,,NA
v_bushoongbush1247,Bushoong,bush1247,Bushoong,buf,Africa,-4.69463,21.4556,Atlantic-Congo,Bushoong_bush1247,varikin,Bushoong_bush1247.txt,,NA,,NA
v_bwaidogabwai1243,Bwaidoga,bwai1243,Bwaidoga,,Papunesia,NA,NA,Austronesian,Bwaidoga_bwai1243,varikin,Bwaidoga_bwai1243.txt,,NA,,NA
v_cahuillacahu1264,Cahuilla,cahu1264,Cahuilla,chl,North America,33.5324,-116.691,Uto-Aztecan,Cahuilla_cahu1264,varikin,Cahuilla_cahu1264.txt,,NA,,NA
v_carnicobaresecarn1240,Car Nicobarese,carn1240,Car Nicobarese,caq,Eurasia,9.18853,92.7671,Austroasiatic,Car_Nicobarese_carn1240,varikin,Car_Nicobarese_carn1240.txt,,NA,,NA
v_carolinianscaro1242,Carolinian,caro1242,Carolinian,cal,Papunesia,15.205,145.765,Austronesian,Carolinians_caro1242,varikin,Carolinians_caro1242.txt,,NA,,NA
v_cayubabacayu1262,Cayubaba,cayu1262,Cayubaba,cyb,South America,-13.2482,-65.4822,,Cayubaba_cayu1262,varikin,Cayubaba_cayu1262.txt,,NA,,NA
v_centralaymaracent2142,Central Aymara,cent2142,Central Aymara,ayr,South America,-17,-68.5,,Central_Aymara_cent2142,varikin,Central_Aymara_cent2142.txt,,NA,,NA
v_centralkurdishcent1972,Central Kurdish,cent1972,Central Kurdish,ckb,Eurasia,35.6539,45.8077,Indo-European,Central_Kurdish_cent1972,varikin,Central_Kurdish_cent1972.txt,,NA,,NA
v_chamalalcham1309,Chamalal,cham1309,Chamalal,cji,Eurasia,42.5024,45.995,Nakh-Daghestanian,Chamalal_cham1309,varikin,Chamalal_cham1309.txt,,NA,,NA
v_chamalalgigatligiga1238,Gigatl,giga1238,Gigatl,,Eurasia,NA,NA,Nakh-Daghestanian,Chamalal_Gigatli__giga1238,varikin,Chamalal_Gigatli__giga1238.txt,,NA,,NA
v_chapalaachac1249,Cha'palaa,chac1249,Cha'palaa,cbi,South America,0.71489,-79.0508,,Cha_palaa_chac1249,varikin,Cha_palaa_chac1249.txt,,NA,,NA
v_chemehuevichem1251,Chemehuevi,chem1251,Chemehuevi,,North America,35.356093,-116.438436,Uto-Aztecan,Chemehuevi_chem1251,varikin,Chemehuevi_chem1251.txt,,NA,,NA
v_chenchuchen1255,Chenchu,chen1255,Chenchu,cde,Eurasia,15.8787,79.2534,Dravidian,Chenchu_chen1255,varikin,Chenchu_chen1255.txt,,NA,,NA
v_chimarikochim1301,Chimariko,chim1301,Chimariko,cid,North America,41,-123,,Chimariko_chim1301,varikin,Chimariko_chim1301.txt,,NA,,NA
v_chipayachip1262,Chipaya,chip1262,Chipaya,cap,South America,-18.73951,-67.89633,,Chipaya_chip1262,varikin,Chipaya_chip1262.txt,,NA,,NA
v_chiricahuamesc1238,Mescalero-Chiricahua Apache,mesc1238,Mescalero-Chiricahua Apache,apm,North America,33.1291,-105.566,,Chiricahua_mesc1238,varikin,Chiricahua_mesc1238.txt,,NA,,NA
v_chokwechok1245,Chokwe,chok1245,Chokwe,cjk,Africa,-9.66082,21.3992,Atlantic-Congo,Chokwe_chok1245,varikin,Chokwe_chok1245.txt,,NA,,NA
v_coastalyukiyuki1243b,Northern Yukian,yuki1243,Northern Yukian,yuk,North America,39.8389,-123.296,,Coastal_Yuki_yuki1243b,varikin,Coastal_Yuki_yuki1243b.txt,,NA,,NA
v_cocopacoco1261,Cocopa,coco1261,Cocopa,coc,North America,32.376,-114.848,,Cocopa_coco1261,varikin,Cocopa_coco1261.txt,,NA,,NA
v_cofancofa1242,Cofán,cofa1242,Cofán,con,South America,0.276675,-77.0643,,Cofan_cofa1242,varikin,Cofan_cofa1242.txt,,NA,,NA
v_colloquialmalaymala1479,Colloquial Malay,mala1479,Colloquial Malay,zlm,Eurasia,1.85856,103,Austronesian,Colloquial_Malay_mala1479,varikin,Colloquial_Malay_mala1479.txt,,NA,,NA
v_coloradouteutee1244a,Ute,utee1244,Ute,,North America,38,-109,Uto-Aztecan,Colorado_Ute_utee1244a,varikin,Colorado_Ute_utee1244a.txt,,NA,,NA
v_comanchecoma1245,Comanche,coma1245,Comanche,com,North America,34,-101,Uto-Aztecan,Comanche_coma1245,varikin,Comanche_coma1245.txt,,NA,,NA
v_coraelna1235,El Nayar Cora,elna1235,El Nayar Cora,crn,North America,22.4099,-104.467,Uto-Aztecan,Cora_elna1235,varikin,Cora_elna1235.txt,,NA,,NA
v_cornishcorn1251,Cornish,corn1251,Cornish,cor,Eurasia,50.5233,-4.18619,Indo-European,Cornish_corn1251,varikin,Cornish_corn1251.txt,,NA,,NA
v_cruzenocruz1243,Cruzeño,cruz1243,Cruzeño,crz,North America,34.0465,-119.864,,Cruzeño_cruz1243,varikin,Cruzeño_cruz1243.txt,,NA,,NA
v_cubeocube1242,Cubeo,cube1242,Cubeo,cub,South America,1.32382,-70.1939,,Cubeo_cube1242,varikin,Cubeo_cube1242.txt,,NA,,NA
v_cupenocupe1243,Cupeño,cupe1243,Cupeño,cup,North America,33.3148,-116.515,Uto-Aztecan,Cupeño_cupe1243,varikin,Cupeño_cupe1243.txt,,NA,,NA
v_cuscoquechuacusc1236,Cusco Quechua,cusc1236,Cusco Quechua,quz,South America,-14.0853,-71.7663,,Cusco_Quechua_cusc1236,varikin,Cusco_Quechua_cusc1236.txt,,NA,,NA
v_czechczec1258,Czech,czec1258,Czech,ces,Eurasia,49.873398,15.10437,Indo-European,Czech_czec1258,varikin,Czech_czec1258.txt,,NA,,NA
v_dandamimariadand1238,Dandami Maria,dand1238,Dandami Maria,daq,Eurasia,18.7475,81.3598,Dravidian,Dandami_Maria_dand1238,varikin,Dandami_Maria_dand1238.txt,,NA,,NA
v_danishdani1285,Danish,dani1285,Danish,dan,Eurasia,54.8655,9.36284,Indo-European,Danish_dani1285,varikin,Danish_dani1285.txt,,NA,,NA
v_dargwachiragchir1284,Chirag,chir1284,Chirag,,Eurasia,41.869481,47.41111,Nakh-Daghestanian,Dargwa_Chirag__chir1284,varikin,Dargwa_Chirag__chir1284.txt,,NA,,NA
v_dargwaitsariitsa1239,Icari,icar1234,Icari,,Eurasia,NA,NA,Nakh-Daghestanian,Dargwa_Itsari__itsa1239,varikin,Dargwa_Itsari__itsa1239.txt,,NA,,NA
v_daridari1249,Dari,dari1249,Dari,prs,Eurasia,31.0405,67.3593,Indo-European,Dari_dari1249,varikin,Dari_dari1249.txt,,NA,,NA
v_degexitandege1248,Degexit'an,dege1248,Degexit'an,ing,North America,62.0697,-160.044,,Degexit_an_dege1248,varikin,Degexit_an_dege1248.txt,,NA,,NA
v_delinenort2942,North Slavey,nort2942,North Slavey,scs,North America,63.2671,-123.641,,Délįne_nort2942,varikin,Délįne_nort2942.txt,,NA,,NA
v_denesulinechip1261,Chipewyan,chip1261,Chipewyan,chp,North America,58.98,-104.44,,Dene_Suliné_chip1261,varikin,Dene_Suliné_chip1261.txt,,NA,,NA
v_denethasouthslaveysout2959,South Slavey,sout2959,South Slavey,xsl,North America,59.8794,-117.047,,DeneTha_South_Slavey__sout2959,varikin,DeneTha_South_Slavey__sout2959.txt,,NA,,NA
v_dharumbaldhar1248,Dharumbal,dhar1248,Dharumbal,xgm,Australia,-23.307,150.593,Pama-Nyungan,Dharumbal_dhar1248,varikin,Dharumbal_dhar1248.txt,,NA,,NA
v_dhuwaldhuw1249,Dhuwal,dhuw1249,Dhuwal,duj,Australia,-12.7825,136.008,Pama-Nyungan,Dhuwal_dhuw1249,varikin,Dhuwal_dhuw1249.txt,,NA,,NA
v_digodigo1243,Digo,digo1243,Digo,dig,Africa,-4.62101,39.1752,Atlantic-Congo,Digo_digo1243,varikin,Digo_digo1243.txt,,NA,,NA
v_dingding1239,Ding,ding1239,Ding,diz,Africa,-4.44304,19.3881,Atlantic-Congo,Ding_ding1239,varikin,Ding_ding1239.txt,,NA,,NA
v_diyaridier1241,Dieri,dier1241,Dieri,dif,Australia,-28.1667,138,Pama-Nyungan,Diyari_dier1241,varikin,Diyari_dier1241.txt,,NA,,NA
v_djambarrpuyngudjam1256,Djambarrpuyngu,djam1256,Djambarrpuyngu,djr,Australia,-12.021,135.59,Pama-Nyungan,Djambarrpuyngu_djam1256,varikin,Djambarrpuyngu_djam1256.txt,,NA,,NA
v_djinangdjin1253,Djinang,djin1253,Djinang,dji,Australia,-12.462,134.82,Pama-Nyungan,Djinang_djin1253,varikin,Djinang_djin1253.txt,,NA,,NA
v_dogribdogr1252,Dogrib,dogr1252,Dogrib,dgr,North America,62.3823,-114.193,,Dogrib_dogr1252,varikin,Dogrib_dogr1252.txt,,NA,,NA
v_dualadual1243,Duala,dual1243,Duala,dua,Africa,4.10208,9.61877,Atlantic-Congo,Duala_dual1243,varikin,Duala_dual1243.txt,,NA,,NA
v_dumaduma1253,Duma,duma1253,Duma,dma,Africa,-0.91927,13.0046,Atlantic-Congo,Duma_duma1253,varikin,Duma_duma1253.txt,,NA,,NA
v_dutchdutc1256,Dutch,dutc1256,Dutch,nld,Eurasia,52,5,Indo-European,Dutch_dutc1256,varikin,Dutch_dutc1256.txt,,NA,,NA
v_dyirbaldyir1250,Dyirbal,dyir1250,Dyirbal,dbl,Australia,-17.4516,145.544,Pama-Nyungan,Dyirbal_dyir1250,varikin,Dyirbal_dyir1250.txt,,NA,,NA
v_easterislandersrapa1244,Rapanui,rapa1244,Rapanui,rap,Papunesia,-27.113,-109.342,Austronesian,Easter_Islanders_rapa1244,varikin,Easter_Islanders_rapa1244.txt,,NA,,NA
v_easternarmenianeast2283,Eastern Armenian,nucl1235,Eastern Armenian,hye,Eurasia,40,45,Indo-European,Eastern_Armenian_east2283,varikin,Eastern_Armenian_east2283.txt,,NA,,NA
v_easternpaharinepalieast1436,Eastern Pahari,east1436,Eastern Pahari,nep,Eurasia,27.59470333,87.62008333,Indo-European,Eastern_Pahari_Nepali__east1436,varikin,Eastern_Pahari_Nepali__east1436.txt,,NA,,NA
v_easternyiddisheast2295,Eastern Yiddish,east2295,Eastern Yiddish,ydd,Eurasia,51.75,19.42,Indo-European,Eastern_Yiddish_east2295,varikin,Eastern_Yiddish_east2295.txt,,NA,,NA
v_ekondamongoekon1238,Ekonda Mongo,ekon1238,Ekonda Mongo,,Africa,NA,NA,Atlantic-Congo,Ekonda_Mongo_ekon1238,varikin,Ekonda_Mongo_ekon1238.txt,,NA,,NA
v_elamiteelam1244,Elamite,elam1244,Elamite,elx,Eurasia,31.1833,48.2333,,Elamite_elam1244,varikin,Elamite_elam1244.txt,,NA,,NA
v_ellicetuva1244,Tuvalu,tuva1244,Tuvalu,tvl,Papunesia,-8.520813,179.198088,Austronesian,Ellice_tuva1244,varikin,Ellice_tuva1244.txt,,NA,,NA
v_epenaepen1239,Epena,epen1239,Epena,sja,South America,4.25877,-77.3566,,Epena_epen1239,varikin,Epena_epen1239.txt,,NA,,NA
v_erzyaerzy1239,Erzya,erzy1239,Erzya,myv,Eurasia,52.8548,45.3901,Uralic,Erzya_erzy1239,varikin,Erzya_erzy1239.txt,,NA,,NA
v_estonianesto1258,Estonian,esto1258,Estonian,ekk,Eurasia,58.55,25.82,Uralic,Estonian_esto1258,varikin,Estonian_esto1258.txt,,NA,,NA
v_eudeveeude1234,Eudeve,eude1234,Eudeve,,North America,28.5,-110,Uto-Aztecan,Eudeve_eude1234,varikin,Eudeve_eude1234.txt,,NA,,NA
v_eyakeyak1241,Eyak,eyak1241,Eyak,eya,North America,60.4232,-144.762,,Eyak_eyak1241,varikin,Eyak_eyak1241.txt,,NA,,NA
v_fangegfang1246,Fang (Equatorial Guinea),fang1246,Fang (Equatorial Guinea),fan,Africa,1.723965,11.61454,Atlantic-Congo,Fang_EG_fang1246,varikin,Fang_EG_fang1246.txt,,NA,,NA
v_fefefefe1239,Fe'fe',fefe1239,Fe'fe',fmp,Africa,5.18158,10.1442,Atlantic-Congo,Fefe_fefe1239,varikin,Fefe_fefe1239.txt,,NA,,NA
v_finnicfinn1318,Finnish,finn1318,Finnish,fin,Eurasia,64.7628,25.5577,Uralic,Finnic_finn1318,varikin,Finnic_finn1318.txt,,NA,,NA
v_fipafipa1238,Fipa,fipa1238,Fipa,fip,Africa,-7.88963,31.3442,Atlantic-Congo,Fipa_fipa1238,varikin,Fipa_fipa1238.txt,,NA,,NA
v_flindersislandflin1247,Flinders Island,flin1247,Flinders Island,fln,Australia,-14.1812,144.259,Pama-Nyungan,FlindersIsland_flin1247,varikin,FlindersIsland_flin1247.txt,,NA,,NA
v_frisianfris1239,Frisian,fris1239,Frisian,,,NA,NA,Indo-European,Frisian_fris1239,varikin,Frisian_fris1239.txt,,NA,,NA
v_futunanseast2447,East Futuna,east2447,East Futuna,fud,Papunesia,-14.278717,-178.137222,Austronesian,Futunans_east2447,varikin,Futunans_east2447.txt,,NA,,NA
v_gabrielinotong1329,Tongva,tong1329,Tongva,xgf,North America,34.1,-118.11,Uto-Aztecan,Gabrielino_tong1329,varikin,Gabrielino_tong1329.txt,,NA,,NA
v_gandagand1255,Ganda,gand1255,Ganda,lug,Africa,0.66884,32.15153,Atlantic-Congo,Ganda_gand1255,varikin,Ganda_gand1255.txt,,NA,,NA
v_giryamagiry1241,Giryama,giry1241,Giryama,nyf,Africa,-3.30638,39.6648,Atlantic-Congo,Giryama_giry1241,varikin,Giryama_giry1241.txt,,NA,,NA
v_godoberighod1238,Godoberi,ghod1238,Godoberi,gdo,Eurasia,42.7428,46.2252,Nakh-Daghestanian,Godoberi_ghod1238,varikin,Godoberi_ghod1238.txt,,NA,,NA
v_gogogogo1263,Gogo,gogo1263,Gogo,gog,Africa,-6.35951,35.4807,Atlantic-Congo,Gogo_gogo1263,varikin,Gogo_gogo1263.txt,,NA,,NA
v_gondigond1265,Gondi,gond1265,Gondi,,,NA,NA,Dravidian,Gondi_gond1265,varikin,Gondi_gond1265.txt,,NA,,NA
v_gothicgoth1244,Gothic,goth1244,Gothic,got,Eurasia,46.9304,29.9786,Indo-European,Gothic_goth1244,varikin,Gothic_goth1244.txt,,NA,,NA
v_guarijiohuar1255,Huarijio,huar1255,Huarijio,var,North America,27.8685,-108.437,Uto-Aztecan,Guarijio_huar1255,varikin,Guarijio_huar1255.txt,,NA,,NA
v_gujaratiguja1252,Gujarati,guja1252,Gujarati,guj,Eurasia,22.687,71.0962,Indo-European,Gujarati_guja1252,varikin,Gujarati_guja1252.txt,,NA,,NA
v_gumatjguma1253,Gumatj,guma1253,Gumatj,gnn,Australia,-12.25254,136.83042,Pama-Nyungan,Gumatj_guma1253,varikin,Gumatj_guma1253.txt,,NA,,NA
v_gumbaynggirkumb1268,Kumbainggar,kumb1268,Kumbainggar,kgs,Australia,-29.8189,152.913,Pama-Nyungan,Gumbaynggir_kumb1268,varikin,Gumbaynggir_kumb1268.txt,,NA,,NA
v_gununakunepuel1244,Puelche,puel1244,Puelche,pue,South America,-42.223,-68.666,,Gününa_Küne_puel1244,varikin,Gününa_Küne_puel1244.txt,,NA,,NA
v_gunyaguny1241,Gunya,guny1241,Gunya,gyy,Australia,-27.0642,145.862,Pama-Nyungan,Gunya_guny1241,varikin,Gunya_guny1241.txt,,NA,,NA
v_gupapuyngugupa1247,Gupapuyngu,gupa1247,Gupapuyngu,guf,Australia,-12.2868,135.337,Pama-Nyungan,Gupapuyngu_gupa1247,varikin,Gupapuyngu_gupa1247.txt,,NA,,NA
v_gurindjiguri1247,Gurindji,guri1247,Gurindji,gue,Australia,-17.0329,130.379,Pama-Nyungan,Gurindji_guri1247,varikin,Gurindji_guri1247.txt,,NA,,NA
v_gusiigusi1247,Gusii,gusi1247,Gusii,guz,Africa,-0.78872,34.76751,Atlantic-Congo,Gusii_gusi1247,varikin,Gusii_gusi1247.txt,,NA,,NA
v_guuguyimidhirrgugu1255,Guugu Yimidhirr,gugu1255,Guugu Yimidhirr,kky,Australia,-14.9424,144.831,Pama-Nyungan,Guugu_Yimidhirr_gugu1255,varikin,Guugu_Yimidhirr_gugu1255.txt,,NA,,NA
v_hahaaa1252,Ha,haaa1252,Ha,haq,Africa,-3.77873,30.4894,Atlantic-Congo,Ha_haaa1252,varikin,Ha_haaa1252.txt,,NA,,NA
v_hausahaus1257,Hausa,haus1257,Hausa,hau,Africa,11.1513,8.7804,Afro-Asiatic,Hausa_haus1257,varikin,Hausa_haus1257.txt,,NA,,NA
v_hawaiianshawa1245,Hawaiian,hawa1245,Hawaiian,haw,Papunesia,19.6297,-155.43,Austronesian,Hawaiians_hawa1245,varikin,Hawaiians_hawa1245.txt,,NA,,NA
v_hayahaya1250,Haya,haya1250,Haya,hay,Africa,-1.70878,31.4846,Atlantic-Congo,Haya_haya1250,varikin,Haya_haya1250.txt,,NA,,NA
v_hehehehe1240,Hehe,hehe1240,Hehe,heh,Africa,-7.71572,35.7255,Atlantic-Congo,Hehe_hehe1240,varikin,Hehe_hehe1240.txt,,NA,,NA
v_hererohere1253,Herero,here1253,Herero,her,Africa,-21.0231,20.5655,Atlantic-Congo,Herero_here1253,varikin,Herero_here1253.txt,,NA,,NA
v_highlandpueblanahuatlhigh1278,Highland Puebla Nahuatl,high1278,Highland Puebla Nahuatl,azz,North America,20.1554,-97.5556,Uto-Aztecan,Highland_Puebla_Nahuatl_high1278,varikin,Highland_Puebla_Nahuatl_high1278.txt,,NA,,NA
v_hindihind1269,Hindi,hind1269,Hindi,hin,Eurasia,25,77,Indo-European,Hindi_hind1269,varikin,Hindi_hind1269.txt,,NA,,NA
v_hinuqhinu1240,Hinuq,hinu1240,Hinuq,gin,Eurasia,42.4502,45.8064,Nakh-Daghestanian,Hinuq_hinu1240,varikin,Hinuq_hinu1240.txt,,NA,,NA
v_hittitehitt1242,Hittite,hitt1242,Hittite,hit,Eurasia,40,35,Indo-European,Hittite_hitt1242,varikin,Hittite_hitt1242.txt,,NA,,NA
v_hopihopi1249,Hopi,hopi1249,Hopi,hop,North America,35.7653,-110.535,Uto-Aztecan,Hopi_hopi1249,varikin,Hopi_hopi1249.txt,,NA,,NA
v_hopishopi1249b,Hopi,hopi1249,Hopi,hop,North America,35.7653,-110.535,Uto-Aztecan,Hopi_S__hopi1249b,varikin,Hopi_S__hopi1249b.txt,,NA,,NA
v_hotiyuwanayuwa1244,Hoti,yuwa1244,Hoti,yau,South America,5.63879,-65.4267,,Hoti_Yuwana__yuwa1244,varikin,Hoti_Yuwana__yuwa1244.txt,,NA,,NA
v_huastecnahuatlhuas1257,Huasteca Nahuatl,huas1257,Huasteca Nahuatl,,,NA,NA,Uto-Aztecan,Huastec_Nahuatl_huas1257,varikin,Huastec_Nahuatl_huas1257.txt,,NA,,NA
v_huicholhuic1243,Huichol,huic1243,Huichol,hch,North America,21.954,-104.062,Uto-Aztecan,Huichol_huic1243,varikin,Huichol_huic1243.txt,,NA,,NA
v_hunzibhunz1247,Hunzib,hunz1247,Hunzib,huz,Eurasia,42.0808,46.1369,Nakh-Daghestanian,Hunzib_hunz1247,varikin,Hunzib_hunz1247.txt,,NA,,NA
v_hupahupa1239,Hupa-Chilula,hupa1239,Hupa-Chilula,hup,North America,41.0982,-123.68,,Hupa_hupa1239,varikin,Hupa_hupa1239.txt,,NA,,NA
v_icelandicicel1247,Icelandic,icel1247,Icelandic,isl,Eurasia,63.4837,-19.0212,Indo-European,Icelandic_icel1247,varikin,Icelandic_icel1247.txt,,NA,,NA
v_ifaluknuclearwoleaiannucl1479,Nuclear Woleaian,nucl1479,Nuclear Woleaian,,Papunesia,NA,NA,Austronesian,Ifaluk_Nuclear_Woleaian__nucl1479,varikin,Ifaluk_Nuclear_Woleaian__nucl1479.txt,,NA,,NA
v_igbonucl1417,Igbo,nucl1417,Igbo,ibo,Africa,4.62705,7.23441,Atlantic-Congo,Igbo_nucl1417,varikin,Igbo_nucl1417.txt,,NA,,NA
v_ignacianoigna1246,Ignaciano,igna1246,Ignaciano,ign,South America,-15.1188,-65.3993,Arawakan,Ignaciano_igna1246,varikin,Ignaciano_igna1246.txt,,NA,,NA
v_ingrianingr1248,Ingrian,ingr1248,Ingrian,izh,Eurasia,59.47403,29.71145,Uralic,Ingrian_ingr1248,varikin,Ingrian_ingr1248.txt,,NA,,NA
v_ingushingu1240,Ingush,ingu1240,Ingush,inh,Eurasia,43.11,45.03,Nakh-Daghestanian,Ingush_ingu1240,varikin,Ingush_ingu1240.txt,,NA,,NA
v_inxokvariinxo1238,Inxokvari,inxo1238,Inxokvari,,Eurasia,NA,NA,Nakh-Daghestanian,Inxokvari_inxo1238,varikin,Inxokvari_inxo1238.txt,,NA,,NA
v_irishiris1253,Irish,iris1253,Irish,gle,Eurasia,53.2186,-7.61509,Indo-European,Irish_iris1253,varikin,Irish_iris1253.txt,,NA,,NA
v_italianital1282,Italian,ital1282,Italian,ita,Eurasia,43.0464,12.6489,Indo-European,Italian_ital1282,varikin,Italian_ital1282.txt,,NA,,NA
v_itonamaiton1250,Itonama,iton1250,Itonama,ito,South America,-12.80431,-64.35748,,Itonama_iton1250,varikin,Itonama_iton1250.txt,,NA,,NA
v_iyojwajachoroteiyoj1235,Iyojwa'ja Chorote,iyoj1235,Iyojwa'ja Chorote,crt,South America,-22.1896,-63.2383,,Iyojwa_ja_Chorote_iyoj1235,varikin,Iyojwa_ja_Chorote_iyoj1235.txt,,NA,,NA
v_jamaicancreolejama1262,Jamaican Creole English,jama1262,Jamaican Creole English,jam,North America,18.13,-77.2612,Indo-European,Jamaican_Creole_jama1262,varikin,Jamaican_Creole_jama1262.txt,,NA,,NA
v_japanesenucl1643,Japanese,nucl1643,Japanese,jpn,Eurasia,35,135,,Japanese_nucl1643,varikin,Japanese_nucl1643.txt,,NA,,NA
v_jarujaru1254,Jaru,jaru1254,Jaru,ddj,Australia,-18.3288,128.262,Pama-Nyungan,Jaru_jaru1254,varikin,Jaru_jaru1254.txt,,NA,,NA
v_jicarillajica1244,Jicarilla Apache,jica1244,Jicarilla Apache,apj,North America,36.8079,-107.007,,Jicarilla_jica1244,varikin,Jicarilla_jica1244.txt,,NA,,NA
v_judeotatjude1256,Judeo-Tat,jude1256,Judeo-Tat,jdt,Eurasia,42.068306,48.264749,Indo-European,Judeo_Tat_jude1256,varikin,Judeo_Tat_jude1256.txt,,NA,,NA
v_kadarkada1242,Kadar,kada1242,Kadar,kej,Eurasia,11.0602,76.7285,Dravidian,Kadar_kada1242,varikin,Kadar_kada1242.txt,,NA,,NA
v_kagulukagu1239,Kagulu,kagu1239,Kagulu,kki,Africa,-6.38204,37.0534,Atlantic-Congo,Kagulu_kagu1239,varikin,Kagulu_kagu1239.txt,,NA,,NA
v_kalkatungukalk1246,Kalkutung,kalk1246,Kalkutung,ktg,Australia,-21,139.5,Pama-Nyungan,Kalkatungu_kalk1246,varikin,Kalkatungu_kalk1246.txt,,NA,,NA
v_kamayurakama1373,Kamayurá,kama1373,Kamayurá,kay,South America,-12.2661,-53.4651,Tupian,Kamayurá_kama1373,varikin,Kamayurá_kama1373.txt,,NA,,NA
v_kambakamb1297,Kamba (Kenya),kamb1297,Kamba (Kenya),kam,Africa,-1.60827,37.9532,Atlantic-Congo,Kamba_kamb1297,varikin,Kamba_kamb1297.txt,,NA,,NA
v_kankanaynort2877,Northern Kankanay,nort2877,Northern Kankanay,xnn,Papunesia,17.1057,120.786,Austronesian,Kankanay_nort2877,varikin,Kankanay_nort2877.txt,,NA,,NA
v_kaondekaon1241,Kaonde,kaon1241,Kaonde,kqn,Africa,-12.4129,25.7646,Atlantic-Congo,Kaonde_kaon1241,varikin,Kaonde_kaon1241.txt,,NA,,NA
v_kapingamarangikapi1249,Kapingamarangi,kapi1249,Kapingamarangi,kpg,Papunesia,1.039166,154.797223,Austronesian,Kapingamarangi_kapi1249,varikin,Kapingamarangi_kapi1249.txt,,NA,,NA
v_karajarrikara1476,Karadjeri,kara1476,Karadjeri,gbd,Australia,-18.6771,122.334,Pama-Nyungan,Karajarri_kara1476,varikin,Karajarri_kara1476.txt,,NA,,NA
v_kariyarrakari1304,Kariyarra,kari1304,Kariyarra,vka,Australia,-20.445,118.613,Pama-Nyungan,Kariyarra_kari1304,varikin,Kariyarra_kari1304.txt,,NA,,NA
v_karokkaro1304,Karok,karo1304,Karok,kyh,North America,41.8228,-123.315,,Karok_karo1304,varikin,Karok_karo1304.txt,,NA,,NA
v_kartujarrakart1247,Kartujarra,kart1247,Kartujarra,,Australia,NA,NA,Pama-Nyungan,Kartujarra_kart1247,varikin,Kartujarra_kart1247.txt,,NA,,NA
v_karuwalikarr1236,Karruwali,karr1236,Karruwali,rxw,Australia,NA,NA,Pama-Nyungan,Karuwali_karr1236,varikin,Karuwali_karr1236.txt,,NA,,NA
v_kashmirikash1277,Kashmiri,kash1277,Kashmiri,kas,Eurasia,34.166825,74.330455,Indo-European,Kashmiri_kash1277,varikin,Kashmiri_kash1277.txt,,NA,,NA
v_kaurnakaur1267,Kaurna,kaur1267,Kaurna,zku,Australia,-34.34966141,138.4800794,Pama-Nyungan,Kaurna_kaur1267,varikin,Kaurna_kaur1267.txt,,NA,,NA
v_kawaiisukawa1283,Kawaiisu,kawa1283,Kawaiisu,xaw,North America,36.0538,-118.679,Uto-Aztecan,Kawaiisu_kawa1283,varikin,Kawaiisu_kawa1283.txt,,NA,,NA
v_kazakhkaza1248,Kazakh,kaza1248,Kazakh,kaz,Eurasia,41.8729,65.7709,Turkic,Kazakh_kaza1248,varikin,Kazakh_kaza1248.txt,,NA,,NA
v_kazymberezoversuryskarerkhantykhan1273,Kazym-Berezover-Suryskarer Khanty,khan1273,Kazym-Berezover-Suryskarer Khanty,kca,Eurasia,62.4308,66.1218,Uralic,Kazym_Berezover_Suryskarer_Khanty_khan1273,varikin,Kazym_Berezover_Suryskarer_Khanty_khan1273.txt,,NA,,NA
v_kelekele1257,Kélé,kele1257,Kélé,keb,Africa,-0.78854,10.3836,Atlantic-Congo,Kélé_kele1257,varikin,Kélé_kele1257.txt,,NA,,NA
v_kerewekere1283,Kerewe,kere1283,Kerewe,ked,Africa,-2.09315,33.5326,Atlantic-Congo,Kerewe_kere1283,varikin,Kerewe_kere1283.txt,,NA,,NA
v_ketkett1243,Ket,kett1243,Ket,ket,Eurasia,63.7551,87.5466,,Ket_kett1243,varikin,Ket_kett1243.txt,,NA,,NA
v_kikuyukiku1240,Kikuyu,kiku1240,Kikuyu,kik,Africa,-0.29005,36.719,Atlantic-Congo,Kikuyu_kiku1240,varikin,Kikuyu_kiku1240.txt,,NA,,NA
v_kiowaapachekiow1264,Kiowa Apache,kiow1264,Kiowa Apache,apk,North America,34.9077,-98.2461,,Kiowa_Apache_kiow1264,varikin,Kiowa_Apache_kiow1264.txt,,NA,,NA
v_kitanemukserr1255b,Serrano,serr1255,Serrano,ser,North America,33.9479,-116.772,Uto-Aztecan,Kitanemuk_serr1255b,varikin,Kitanemuk_serr1255b.txt,,NA,,NA
v_kodavakoda1255,Kodava,koda1255,Kodava,kfa,Eurasia,12.2443,75.9161,Dravidian,Kodava_koda1255,varikin,Kodava_koda1255.txt,,NA,,NA
v_kodikodi1247,Kodi-Gaura,kodi1247,Kodi-Gaura,kod,Papunesia,-9.6373,119.114,Austronesian,Kodi_kodi1247,varikin,Kodi_kodi1247.txt,,NA,,NA
v_komizyriankomi1268,Komi-Zyrian,komi1268,Komi-Zyrian,kpv,Eurasia,64.0527,54.946,Uralic,Komi_Zyrian_komi1268,varikin,Komi_Zyrian_komi1268.txt,,NA,,NA
v_komkomc1235,Kom (Cameroon),komc1235,Kom (Cameroon),bkm,Africa,6.2596,10.3348,Atlantic-Congo,Kom_komc1235,varikin,Kom_komc1235.txt,,NA,,NA
v_komodrckomo1260,Komo (Democratic Republic of Congo),komo1260,Komo (Democratic Republic of Congo),kmw,Africa,-0.76333,26.7144,Atlantic-Congo,Komo_DRC__komo1260,varikin,Komo_DRC__komo1260.txt,,NA,,NA
v_kotakota1274,Kota (Gabon),kota1274,Kota (Gabon),koq,Africa,1.016,13.97,Atlantic-Congo,Kota_kota1274,varikin,Kota_kota1274.txt,,NA,,NA
v_koyakoya1251,Koya,koya1251,Koya,kff,Eurasia,17.6772,81.2096,Dravidian,Koya_koya1251,varikin,Koya_koya1251.txt,,NA,,NA
v_kuikuii1252,Kui (India),kuii1252,Kui (India),kxu,Eurasia,19.2043,83.5859,Dravidian,Kui_kuii1252,varikin,Kui_kuii1252.txt,,NA,,NA
v_kukatjakuka1246,Kukatja,kuka1246,Kukatja,kux,Australia,-20.3321,127.666,Pama-Nyungan,Kukatja_kuka1246,varikin,Kukatja_kuka1246.txt,,NA,,NA
v_kukuyalanjikuku1273,Kuku-Yalanji,kuku1273,Kuku-Yalanji,gvn,Australia,-16.0036,145.188,Pama-Nyungan,KukuYalanji_kuku1273,varikin,KukuYalanji_kuku1273.txt,,NA,,NA
v_kumykkumy1244,Kumyk,kumy1244,Kumyk,kum,Eurasia,43,47,Turkic,Kumyk_kumy1244,varikin,Kumyk_kumy1244.txt,,NA,,NA
v_kunzakunz1244,Kunza,kunz1244,Kunza,kuz,South America,-23,-69,,Kunza_kunz1244,varikin,Kunza_kunz1244.txt,,NA,,NA
v_kurukhkuru1302,Kurukh,kuru1302,Indian Kurux,kru,Eurasia,24.4644,86.4657,Dravidian,Kurukh_kuru1302,varikin,Kurukh_kuru1302.txt,,NA,,NA
v_kuvikuvi1243,Kuvi,kuvi1243,Kuvi,kxv,Eurasia,18.8832,83.7552,Dravidian,Kuvi_kuvi1243,varikin,Kuvi_kuvi1243.txt,,NA,,NA
v_kwasiokwas1243,Kwasio,kwas1243,Kwasio,nmg,Africa,2.39354,10.0812,Atlantic-Congo,Kwasio_kwas1243,varikin,Kwasio_kwas1243.txt,,NA,,NA
v_kwerekwer1261,Kwere,kwer1261,Kwere,cwe,Africa,-6.50666,38.4449,Atlantic-Congo,Kwere_kwer1261,varikin,Kwere_kwer1261.txt,,NA,,NA
v_lahndalahn1241,Lahnda,lahn1241,Lahnda,,,NA,NA,Indo-European,Lahnda_lahn1241,varikin,Lahnda_lahn1241.txt,,NA,,NA
v_lakemiwoklake1258,Lake Miwok,lake1258,Lake Miwok,lmw,North America,39.0021,-122.621,,Lake_Miwok_lake1258,varikin,Lake_Miwok_lake1258.txt,,NA,,NA
v_lalabisalala1264,Lala-Bisa,lala1264,Lala-Bisa,leb,Africa,-12.945,30.2297,Atlantic-Congo,Lala_Bisa_lala1264,varikin,Lala_Bisa_lala1264.txt,,NA,,NA
v_lambalamb1271,Lamba,lamb1271,Lamba,lam,Africa,-12.3366,27.9026,Atlantic-Congo,Lamba_lamb1271,varikin,Lamba_lamb1271.txt,,NA,,NA
v_langilang1320,Langi,lang1320,Langi,lag,Africa,-4.71413,35.9517,Atlantic-Congo,Langi_lang1320,varikin,Langi_lang1320.txt,,NA,,NA
v_latinlati1261,Latin,lati1261,Latin,lat,Eurasia,41.9026,12.4502,Indo-European,Latin_lati1261,varikin,Latin_lati1261.txt,,NA,,NA
v_latvianlatv1249,Latvian,latv1249,Latvian,lav,Eurasia,56.826108,24.309118,Indo-European,Latvian_latv1249,varikin,Latvian_latv1249.txt,,NA,,NA
v_laufijianlaua1243,Lauan,laua1243,Lauan,llx,Papunesia,-18.2131,-178.785,Austronesian,Lau_Fijian_laua1243,varikin,Lau_Fijian_laua1243.txt,,NA,,NA
v_lengualeng1262,Lengua,leng1262,Lengua,,South America,-22.6559,-58.9053,,Lengua_leng1262,varikin,Lengua_leng1262.txt,,NA,,NA
v_lingalaling1263,Kinshasa Lingala,ling1263,Kinshasa Lingala,lin,Africa,-4.409174,15.28532,Atlantic-Congo,Lingala_ling1263,varikin,Lingala_ling1263.txt,,NA,,NA
v_lipanapachelipa1241,Lipan Apache,lipa1241,Lipan Apache,apl,North America,33.2748,-105.819,,Lipan_Apache_lipa1241,varikin,Lipan_Apache_lipa1241.txt,,NA,,NA
v_lithuanianlith1251,Lithuanian,lith1251,Lithuanian,lit,Eurasia,55.1429,23.9601,Indo-European,Lithuanian_lith1251,varikin,Lithuanian_lith1251.txt,,NA,,NA
v_lowerpimapimabajopima1248,Pima Bajo,pima1248,Pima Bajo,pia,North America,28.654,-108.326,Uto-Aztecan,Lower_Pima_Pima_Bajo_pima1248,varikin,Lower_Pima_Pima_Bajo_pima1248.txt,,NA,,NA
v_lozilozi1239,Lozi,lozi1239,Lozi,loz,Africa,-17.7052,24.7398,Atlantic-Congo,Lozi_lozi1239,varikin,Lozi_lozi1239.txt,,NA,,NA
v_lubakatangaluba1250,Luba-Katanga,luba1250,Luba-Katanga,lub,Africa,-8.2816,25.8918,Atlantic-Congo,Luba_Katanga_luba1250,varikin,Luba_Katanga_luba1250.txt,,NA,,NA
v_lubalulualuba1249,Luba-Lulua,luba1249,Luba-Lulua,lua,Africa,-5.72717,22.4422,Atlantic-Congo,Luba_Lulua_luba1249,varikin,Luba_Lulua_luba1249.txt,,NA,,NA
v_lubuagankalingalubu1243,Lubuagan Kalinga,lubu1243,Lubuagan Kalinga,knb,Papunesia,17.3879,121.0365,Austronesian,Lubuagan_Kalinga_lubu1243,varikin,Lubuagan_Kalinga_lubu1243.txt,,NA,,NA
v_lugurulugu1238,Luguru,lugu1238,Luguru,ruf,Africa,-6.86828,37.5557,Atlantic-Congo,Luguru_lugu1238,varikin,Luguru_lugu1238.txt,,NA,,NA
v_luisenoluis1253,Luiseno-Juaneño,luis1253,Luiseno-Juaneño,lui,North America,33.3184,-116.939,Uto-Aztecan,Luiseńo_luis1253,varikin,Luiseńo_luis1253.txt,,NA,,NA
v_lundalund1266,Lunda,lund1266,Lunda,lun,Africa,-11.1793,23.8662,Atlantic-Congo,Lunda_lund1266,varikin,Lunda_lund1266.txt,,NA,,NA
v_luvaleluva1239,Luvale,luva1239,Luvale,lue,Africa,-13.5382,22.2924,Atlantic-Congo,Luvale_luva1239,varikin,Luvale_luva1239.txt,,NA,,NA
v_luxembourgishluxe1241,Moselle Franconian,luxe1241,Moselle Franconian,ltz,Eurasia,49.6839,6.14931,Indo-European,Luxembourgish_luxe1241,varikin,Luxembourgish_luxe1241.txt,,NA,,NA
v_macamaca1260,Maca,maca1260,Maca,mca,South America,-25.0119,-57.3694,,Maca_maca1260,varikin,Maca_maca1260.txt,,NA,,NA
v_macedonianmace1250,Macedonian,mace1250,Macedonian,mkd,Eurasia,41.5957,21.7932,Indo-European,Macedonian_mace1250,varikin,Macedonian_mace1250.txt,,NA,,NA
v_magyarhung1274,Hungarian,hung1274,Hungarian,hun,Eurasia,46.90685857,19.65552714,Uralic,Magyar_hung1274,varikin,Magyar_hung1274.txt,,NA,,NA
v_mahasupaharimaha1287,Mahasu Pahari,maha1287,Mahasu Pahari,bfz,Eurasia,31.0088,77.5317,Indo-European,Mahasu_Pahari_maha1287,varikin,Mahasu_Pahari_maha1287.txt,,NA,,NA
v_maithilimait1250,Maithili,mait1250,Maithili,mai,Eurasia,26.3817,86.2211,Indo-European,Maithili_mait1250,varikin,Maithili_mait1250.txt,,NA,,NA
v_makondemako1251,Makonde,mako1251,Makonde,kde,Africa,-10.9906,39.5133,Atlantic-Congo,Makonde_mako1251,varikin,Makonde_mako1251.txt,,NA,,NA
v_malapandarammala1468,Malapandaram,mala1468,Malapandaram,mjp,Eurasia,8.59225,77.272,Dravidian,Malapandaram_mala1468,varikin,Malapandaram_mala1468.txt,,NA,,NA
v_malayalammala1464,Malayalam,mala1464,Malayalam,mal,Eurasia,9.59208,76.7651,Dravidian,Malayalam_mala1464,varikin,Malayalam_mala1464.txt,,NA,,NA
v_malganamalg1242,Malgana,malg1242,Malgana,vml,Australia,-26.211,114.245,Pama-Nyungan,Malgana_malg1242,varikin,Malgana_malg1242.txt,,NA,,NA
v_mangarevansmang1401,Mangareva,mang1401,Mangareva,mrv,Papunesia,-23.1095,-134.97,Austronesian,Mangarevans_mang1401,varikin,Mangarevans_mang1401.txt,,NA,,NA
v_mansimans1258,Northern Mansi,mans1258,Northern Mansi,mns,Eurasia,64.4118,61.344,Uralic,Mansi_mans1258,varikin,Mansi_mans1258.txt,,NA,,NA
v_maorimaor1246,Māori,maor1246,Maori,mri,Papunesia,-38.2881,176.541,Austronesian,Māori_maor1246,varikin,Māori_maor1246.txt,,NA,,NA
v_mapudungunmapu1245,Mapudungun,mapu1245,Mapudungun,arn,South America,-38.7392,-71.277,,Mapudungun_mapu1245,varikin,Mapudungun_mapu1245.txt,,NA,,NA
v_marathimara1378,Marathi,mara1378,Marathi,mar,Eurasia,17.9344,76.6665,Indo-European,Marathi_mara1378,varikin,Marathi_mara1378.txt,,NA,,NA
v_marganymarg1253,Margany,marg1253,Margany,zmc,Australia,-26.789,144.892,Pama-Nyungan,Margany_marg1253,varikin,Margany_marg1253.txt,,NA,,NA
v_marieast2328,Eastern Mari,east2328,Eastern Mari,mhr,Eurasia,55.8307,48.405,Uralic,Mari_east2328,varikin,Mari_east2328.txt,,NA,,NA
v_martuwangkamart1256,Martu Wangka,mart1256,Martu Wangka,mpj,Australia,-23.35091166,123.6684224,Pama-Nyungan,MartuWangka_mart1256,varikin,MartuWangka_mart1256.txt,,NA,,NA
v_marwariindiamarw1260,Marwari (India),marw1260,Marwari (India),rwr,Eurasia,27.002,75.0656,Indo-European,Marwari_India__marw1260,varikin,Marwari_India__marw1260.txt,,NA,,NA
v_masaabamasa1299,Masaaba,masa1299,Masaaba,myx,Africa,1.05906,34.2829,Atlantic-Congo,Masaaba_masa1299,varikin,Masaaba_masa1299.txt,,NA,,NA
v_mashcopiromash1270,Mashco Piro,mash1270,Mashco Piro,cuj,South America,-11.4745,-70.7953,Arawakan,Mashco_Piro_mash1270,varikin,Mashco_Piro_mash1270.txt,,NA,,NA
v_mattolematt1238,Mattole-Bear River,matt1238,Mattole-Bear River,mvb,North America,40.4321,-122.863,,Mattole_matt1238,varikin,Mattole_matt1238.txt,,NA,,NA
v_mayomayo1264,Mayo,mayo1264,Mayo,mfy,North America,26.4522,-108.981,Uto-Aztecan,Mayo_mayo1264,varikin,Mayo_mayo1264.txt,,NA,,NA
v_mbalambal1257,Mbala,mbal1257,Mbala,mdp,Africa,-5.11888,18.041,Atlantic-Congo,Mbala_mbal1257,varikin,Mbala_mbal1257.txt,,NA,,NA
v_mberember1257,Mbere,mber1257,Mbere-Mbamba,mdt,Africa,-0.477445,14.2877,Atlantic-Congo,Mbere_mber1257,varikin,Mbere_mber1257.txt,,NA,,NA
v_mbuunmpuo1241,Mbuun,mpuo1241,Mbuun,zmp,Africa,-5.21134,19.4269,Atlantic-Congo,Mbuun_mpuo1241,varikin,Mbuun_mpuo1241.txt,,NA,,NA
v_mekeomeke1243,Mekeo,meke1243,Mekeo,mek,Papunesia,-8.23853,146.586,Austronesian,Mekeo_meke1243,varikin,Mekeo_meke1243.txt,,NA,,NA
v_merumeru1245,Meru,meru1245,Meru,mer,Africa,0.26484,37.7396,Atlantic-Congo,Meru_meru1245,varikin,Meru_meru1245.txt,,NA,,NA
v_metameta1238,Meta',meta1238,Meta',mgo,Africa,5.88942,9.87416,Atlantic-Congo,Meta_meta1238,varikin,Meta_meta1238.txt,,NA,,NA
v_middleenglishmidd1317,Middle English,midd1317,Middle English,enm,Eurasia,51.65,-1.11,Indo-European,Middle_English_midd1317,varikin,Middle_English_midd1317.txt,,NA,,NA
v_middlehighgermanmidd1343,Middle High German,midd1343,Middle High German,gmh,Eurasia,48.254,10.599,Indo-European,Middle_High_German_midd1343,varikin,Middle_High_German_midd1343.txt,,NA,,NA
v_midobmido1240,Midob,mido1240,Midob,mei,Africa,14.789,27.2236,,Midob_mido1240,varikin,Midob_mido1240.txt,,NA,,NA
v_mocovimoco1246,Mocoví,moco1246,Mocoví,moc,South America,-28.097,-60.4145,,Mocoví_moco1246,varikin,Mocoví_moco1246.txt,,NA,,NA
v_moderngreekmode1248,Modern Greek,mode1248,Modern Greek,ell,Eurasia,38.36,23.13,Indo-European,Modern_Greek_mode1248,varikin,Modern_Greek_mode1248.txt,,NA,,NA
v_modernwelshwels1247,Welsh,wels1247,Welsh,cym,Eurasia,52,-4,Indo-European,Modern_Welsh_wels1247,varikin,Modern_Welsh_wels1247.txt,,NA,,NA
v_mokpwemokp1239,Mokpwe,mokp1239,Mokpwe,bri,Africa,4.24178,9.23887,Atlantic-Congo,Mokpwe_mokp1239,varikin,Mokpwe_mokp1239.txt,,NA,,NA
v_mongomong1338,Mongo,mong1338,Mongo,lol,Africa,-1.54228,20.4259,Atlantic-Congo,Mongo_mong1338,varikin,Mongo_mong1338.txt,,NA,,NA
v_monomono1275,Mono (USA),mono1275,Mono (USA),mnr,North America,37.1935,-119.347,Uto-Aztecan,Mono_mono1275,varikin,Mono_mono1275.txt,,NA,,NA
v_mosetenchimanemose1249,Mosetén-Chimané,mose1249,Mosetén-Chimané,cas,South America,-14.64448,-67.83756,,Mosetén_Chimané_mose1249,varikin,Mosetén_Chimané_mose1249.txt,,NA,,NA
v_movimamovi1243,Movima,movi1243,Movima,mzp,South America,-13.8115,-65.6348,,Movima_movi1243,varikin,Movima_movi1243.txt,,NA,,NA
v_mudburramudb1240,Mudburra,mudb1240,Mudburra,mwd,Australia,-16.7694,132.329,Pama-Nyungan,Mudburra_mudb1240,varikin,Mudburra_mudb1240.txt,,NA,,NA
v_muiscachibchachib1270,Chibcha,chib1270,Chibcha,chb,South America,6.24999,-74.1666,,Muisca_Chibcha__chib1270,varikin,Muisca_Chibcha__chib1270.txt,,NA,,NA
v_mungakamung1266,Mungaka,mung1266,Mungaka,mhk,Africa,5.89752,10.0294,Atlantic-Congo,Mungaka_mung1266,varikin,Mungaka_mung1266.txt,,NA,,NA
v_muruwarimuru1266,Muruwari,muru1266,Muruwari,zmu,Australia,-28.9618,146.546,Pama-Nyungan,Muruwari_muru1266,varikin,Muruwari_muru1266.txt,,NA,,NA
v_myenemyen1241,Myene,myen1241,Myene,mye,Africa,-1.48741,9.50247,Atlantic-Congo,Myene_myen1241,varikin,Myene_myen1241.txt,,NA,,NA
v_navajonava1243,Navajo,nava1243,Navajo,nav,North America,36.2106,-110.082,,Navajo_nava1243,varikin,Navajo_nava1243.txt,,NA,,NA
v_ndumundum1239,Ndumu,ndum1239,Ndumu,nmd,Africa,-1.67033,13.7279,Atlantic-Congo,Ndumu_ndum1239,varikin,Ndumu_ndum1239.txt,,NA,,NA
v_negerhollandsnege1244,Negerhollands,nege1244,Negerhollands,dcr,North America,18.3416,-64.8922,Indo-European,Negerhollands_nege1244,varikin,Negerhollands_nege1244.txt,,NA,,NA
v_nepalinepa1254,Nepali,nepa1254,Nepali,npi,Eurasia,28,85,Indo-European,Nepali_nepa1254,varikin,Nepali_nepa1254.txt,,NA,,NA
v_nevomepima1248b,Pima Bajo,pima1248,Pima Bajo,pia,North America,28.654,-108.326,Uto-Aztecan,Nevome_pima1248b,varikin,Nevome_pima1248b.txt,,NA,,NA
v_ngaanyatjarrangaa1240,Ngaanyatjarra,ngaa1240,Ngaanyatjarra,ntj,Australia,-25.7514,127.602,Pama-Nyungan,Ngaanyatjarra_ngaa1240,varikin,Ngaanyatjarra_ngaa1240.txt,,NA,,NA
v_ngadjumayangad1258,Ngadjunmaya,ngad1258,Ngadjunmaya,nju,Australia,-32.02447,124.46601,Pama-Nyungan,Ngadjumaya_ngad1258,varikin,Ngadjumaya_ngad1258.txt,,NA,,NA
v_ngarinymanngar1235,Ngarinman,ngar1235,Ngarinman,nbj,Australia,-15.4661,130.651,Pama-Nyungan,Ngarinyman_ngar1235,varikin,Ngarinyman_ngar1235.txt,,NA,,NA
v_ngarlangar1286,Yinhawangka,yinh1234,Yinhawangka,ywg,Australia,-22.9178,117.5628,Pama-Nyungan,Ngarla_ngar1286,varikin,Ngarla_ngar1286.txt,,NA,,NA
v_ngarlumangar1287,Ngarluma,ngar1287,Ngarluma,nrl,Australia,-20.9235,117.203,Pama-Nyungan,Ngarluma_ngar1287,varikin,Ngarluma_ngar1287.txt,,NA,,NA
v_ngarrindjerinarr1259,Narrinyeri,narr1259,Narrinyeri,nay,Australia,-36.2301,140.158,Pama-Nyungan,Ngarrindjeri_narr1259,varikin,Ngarrindjeri_narr1259.txt,,NA,,NA
v_ngiyambaawang1291,Ngiyambaa,wang1291,Ngiyambaa,wyb,Australia,-30.6481,146.18,Pama-Nyungan,Ngiyambaa_wang1291,varikin,Ngiyambaa_wang1291.txt,,NA,,NA
v_ngombebinjabinj1250,Binja,binj1250,Binja,,Africa,NA,NA,Atlantic-Congo,Ngombe_Binja_binj1250,varikin,Ngombe_Binja_binj1250.txt,,NA,,NA
v_ngoningon1269,Ngoni,ngon1269,Tanzania-Mozambique Ngoni,ngo,Africa,-11.7794,37.4118,Atlantic-Congo,Ngoni_ngon1269,varikin,Ngoni_ngon1269.txt,,NA,,NA
v_ngulungul1246,Ngulu,ngul1246,Ngulu,ngp,Africa,-5.79734,37.6823,Atlantic-Congo,Ngulu_ngul1246,varikin,Ngulu_ngul1246.txt,,NA,,NA
v_nhantanhan1238,Nhanda,nhan1238,Nhanda,nha,Australia,-27.42523643,114.2680442,Pama-Nyungan,Nhanta_nhan1238,varikin,Nhanta_nhan1238.txt,,NA,,NA
v_ninamnina1238,Ninam,nina1238,Ninam,shb,South America,4.03894,-62.7801,,Ninam_nina1238,varikin,Ninam_nina1238.txt,,NA,,NA
v_niueansniue1239,Niuean,niue1239,Niuean,niu,Papunesia,-19.06,-169.86,Austronesian,Niueans_niue1239,varikin,Niueans_niue1239.txt,,NA,,NA
v_nivacleniva1238,Nivaclé,niva1238,Nivaclé,cag,South America,-22.8557,-61.7606,,Nivacle_niva1238,varikin,Nivacle_niva1238.txt,,NA,,NA
v_njebinjeb1242,Njebi,njeb1242,Njebi,nzb,Africa,-2.18115,12.7063,Atlantic-Congo,Njebi_njeb1242,varikin,Njebi_njeb1242.txt,,NA,,NA
v_nogainoga1249,Nogai,noga1249,Nogai,nog,Eurasia,43.5917,46.6618,Turkic,Nogai_noga1249,varikin,Nogai_noga1249.txt,,NA,,NA
v_northazerbaijaninort2697,North Azerbaijani,nort2697,North Azerbaijani,azj,Eurasia,40.9777,46.4737,Turkic,North_Azerbaijani_nort2697,varikin,North_Azerbaijani_nort2697.txt,,NA,,NA
v_northeasternmaidunort2952,Northeast Maidu,nort2952,Northeast Maidu,nmu,North America,40.4102,-120.645,,Northeastern_Maidu_nort2952,varikin,Northeastern_Maidu_nort2952.txt,,NA,,NA
v_northernemberanort2972,Northern Emberá,nort2972,Northern Emberá,emp,South America,7.12761,-77.574,,Northern_Embera_nort2972,varikin,Northern_Embera_nort2972.txt,,NA,,NA
v_northerngondinort2702,Northern Gondi,nort2702,Northern Gondi,gno,Eurasia,18.1632,81.3842,Dravidian,Northern_Gondi_nort2702,varikin,Northern_Gondi_nort2702.txt,,NA,,NA
v_northernhaidanort2938,Northern Haida,nort2938,Northern Haida,hdn,North America,54.004532,-132.079257,,Northern_Haida_nort2938,varikin,Northern_Haida_nort2938.txt,,NA,,NA
v_northernkurdishnort2641,Northern Kurdish,nort2641,Northern Kurdish,kmr,Eurasia,37,43,Indo-European,Northern_Kurdish_nort2641,varikin,Northern_Kurdish_nort2641.txt,,NA,,NA
v_northernpaiutenort2954,Northern Paiute,nort2954,Northern Paiute,pao,North America,40.0799,-119.536,Uto-Aztecan,Northern_Paiute_nort2954,varikin,Northern_Paiute_nort2954.txt,,NA,,NA
v_northernpomonort2966,Northern Pomo,nort2966,Northern Pomo,pej,North America,39.1084,-123.209,,Northern_Pomo_nort2966,varikin,Northern_Pomo_nort2966.txt,,NA,,NA
v_northernsaminort2671,North Saami,nort2671,North Saami,sme,Eurasia,68.725,22.1113,Uralic,Northern_Sami_nort2671,varikin,Northern_Sami_nort2671.txt,,NA,,NA
v_northerntepehuannort2959,Northern Tepehuan,nort2959,Northern Tepehuan,ntp,North America,26.4348,-107.379,Uto-Aztecan,Northern_Tepehuan_nort2959,varikin,Northern_Tepehuan_nort2959.txt,,NA,,NA
v_northmarquesannort2845,North Marquesan,nort2845,North Marquesan,mrq,Papunesia,-8.89412,-140.108,Austronesian,North_Marquesan_nort2845,varikin,North_Marquesan_nort2845.txt,,NA,,NA
v_northnorthernpaiutenort1551,North Northern Paiute,nort1551,North Northern Paiute,,North America,NA,NA,Uto-Aztecan,North_Northern_Paiute_nort1551,varikin,North_Northern_Paiute_nort1551.txt,,NA,,NA
v_northwesternmaidunort2951,Northwest Maidu,nort2951,Northwest Maidu,mjd,North America,39.6721,-121.368,,Northwestern_Maidu_nort2951,varikin,Northwestern_Maidu_nort2951.txt,,NA,,NA
v_norwegianbokmalnorw1259,Norwegian Bokmål,norw1259,Norwegian Bokmål,nob,Eurasia,61.112,8.886,Indo-European,Norwegian_Bokmål_norw1259,varikin,Norwegian_Bokmål_norw1259.txt,,NA,,NA
v_nsongsong1299,Nsong,song1299,Nsong-Mpiin,soo,Africa,-4.55057,18.4978,Atlantic-Congo,Nsong_song1299,varikin,Nsong_song1299.txt,,NA,,NA
v_nuuchahnulthnuuc1236,Nuu-chah-nulth,nuuc1236,Nuu-chah-nulth,nuk,North America,49.67,-126.67,,Nuu_Chah_Nulth_nuuc1236,varikin,Nuu_Chah_Nulth_nuuc1236.txt,,NA,,NA
v_nyakyusanyak1260,Nyakyusa-Ngonde,nyak1260,Nyakyusa-Ngonde,nyy,Africa,-9.71018,33.7763,Atlantic-Congo,Nyakyusa_nyak1260,varikin,Nyakyusa_nyak1260.txt,,NA,,NA
v_nyamalnyam1271,Nyamal,nyam1271,Nyamal,nly,Australia,-21.6092,119.693,Pama-Nyungan,Nyamal_nyam1271,varikin,Nyamal_nyam1271.txt,,NA,,NA
v_nyangumartanyan1301,Nyangumarta,nyan1301,Nyangumarta,nna,Australia,-20.6271,121.391,Pama-Nyungan,Nyangumarta_nyan1301,varikin,Nyangumarta_nyan1301.txt,,NA,,NA
v_nyoronyor1246,Nyoro,nyor1246,Nyoro,nyo,Africa,0.95294,31.3493,Atlantic-Congo,Nyoro_nyor1246,varikin,Nyoro_nyor1246.txt,,NA,,NA
v_oduoduu1239,O'du,oduu1239,O'du,tyh,Eurasia,19.3497,104.106,Austroasiatic,O_du_oduu1239,varikin,O_du_oduu1239.txt,,NA,,NA
v_oldaramaicolda1245,Old Aramaic-Sam'alian,olda1245,Old Aramaic-Sam'alian,oar,Eurasia,32.84,37,Afro-Asiatic,Old_Aramaic_olda1245,varikin,Old_Aramaic_olda1245.txt,,NA,,NA
v_oldchurchslavonicchur1257,Church Slavic,chur1257,Church Slavic,chu,Eurasia,43.7171,22.8442,Indo-European,Old_Church_Slavonic_chur1257,varikin,Old_Church_Slavonic_chur1257.txt,,NA,,NA
v_oldenglishca4501100olde1238,Old English (ca. 450-1100),olde1238,Old English (ca. 450-1100),ang,Eurasia,51.06,-1.31,Indo-European,Old_English_ca_450_1100__olde1238,varikin,Old_English_ca_450_1100__olde1238.txt,,NA,,NA
v_oldhighgermanca7501050oldh1241,Old High German (ca. 750-1050),oldh1241,Old High German (ca. 750-1050),goh,Eurasia,52,10,Indo-European,Old_High_German_ca_750_1050__oldh1241,varikin,Old_High_German_ca_750_1050__oldh1241.txt,,NA,,NA
v_oldirisholdi1245,Early Irish,oldi1245,Early Irish,sga,Eurasia,53,-8,Indo-European,Old_Irish_oldi1245,varikin,Old_Irish_oldi1245.txt,,NA,,NA
v_oldnorseoldn1244,Old Norse,oldn1244,Old Norse,non,Eurasia,63.42,10.38,Indo-European,Old_Norse_oldn1244,varikin,Old_Norse_oldn1244.txt,,NA,,NA
v_oldprussianprus1238,Old Prussian,prus1238,Old Prussian,prg,Eurasia,52.394,14.757,Indo-European,Old_Prussian_prus1238,varikin,Old_Prussian_prus1238.txt,,NA,,NA
v_oldrussianoldr1238,Old Russian,oldr1238,Old Russian,orv,Eurasia,54.813,31.827,Indo-European,Old_Russian_oldr1238,varikin,Old_Russian_oldr1238.txt,,NA,,NA
v_oldwelsholdw1239,Old-Middle Welsh,oldw1239,Old-Middle Welsh,owl,Eurasia,52.582,-4.089,Indo-European,Old_Welsh_oldw1239,varikin,Old_Welsh_oldw1239.txt,,NA,,NA
v_ontongjavaonto1237,Luangiua,onto1237,Luangiua,ojv,Papunesia,-5.49029,159.701,Austronesian,Ontong_Java_onto1237,varikin,Ontong_Java_onto1237.txt,,NA,,NA
v_opataopat1246,Teguima,opat1246,Teguima,opt,North America,31.15211,-110.06212,Uto-Aztecan,Opata_opat1246,varikin,Opata_opat1246.txt,,NA,,NA
v_oriyaoriy1255,Odia,oriy1255,Odia,ory,Eurasia,21,85,Indo-European,Oriya_oriy1255,varikin,Oriya_oriy1255.txt,,NA,,NA
v_orokoorok1266,Oroko,orok1266,Oroko,bdu,Africa,4.89504,9.15209,Atlantic-Congo,Oroko_orok1266,varikin,Oroko_orok1266.txt,,NA,,NA
v_ossetianosse1243,Modern Ossetic,osse1243,Modern Ossetic,,Eurasia,42.98,44.61,Indo-European,Ossetian_osse1243,varikin,Ossetian_osse1243.txt,,NA,,NA
v_osseticosse1245,Ossetic,osse1245,Ossetic,,,NA,NA,Indo-European,Ossetic_osse1245,varikin,Ossetic_osse1245.txt,,NA,,NA
v_paakantyidarl1243,Paakantyi,darl1243,Paakantyi,drl,Australia,-32.7021,142.695,Pama-Nyungan,Paakantyi_darl1243,varikin,Paakantyi_darl1243.txt,,NA,,NA
v_paezpaez1247,Páez,paez1247,Páez,pbb,South America,2.61516,-76.31254,,Páez_paez1247,varikin,Páez_paez1247.txt,,NA,,NA
v_paliyanpali1274,Paliyan,pali1274,Paliyan,pcf,Eurasia,10.087,77.1863,Dravidian,Paliyan_pali1274,varikin,Paliyan_pali1274.txt,,NA,,NA
v_panjabipanj1256,Eastern Panjabi,panj1256,Eastern Panjabi,pan,Eurasia,30.0368,75.6702,Indo-European,Panjabi_panj1256,varikin,Panjabi_panj1256.txt,,NA,,NA
v_pashtopash1269,Pashto,pash1269,Pashto,,,NA,NA,Indo-European,Pashto_pash1269,varikin,Pashto_pash1269.txt,,NA,,NA
v_payungubayu1240,Bayungu,bayu1240,Bayungu,bxj,Australia,-23.3809,114.108,Pama-Nyungan,Payungu_bayu1240,varikin,Payungu_bayu1240.txt,,NA,,NA
v_phendephen1239,Phende,phen1239,Phende,pem,Africa,-5.64735,19.8275,Atlantic-Congo,Phende_phen1239,varikin,Phende_phen1239.txt,,NA,,NA
v_pilagapila1245,Pilagá,pila1245,Pilagá,plg,South America,-25.0058,-60.1537,,Pilagá_pila1245,varikin,Pilagá_pila1245.txt,,NA,,NA
v_pimadeyepachicchih1238,Chihuahua Pima Bajo,chih1238,Chihuahua Pima Bajo,,North America,NA,NA,Uto-Aztecan,Pima_de_Yepáchic_chih1238,varikin,Pima_de_Yepáchic_chih1238.txt,,NA,,NA
v_pinjipinj1243,Pinji,pinj1243,Pinji,pic,Africa,-1.90305,11.223,Atlantic-Congo,Pinji_pinj1243,varikin,Pinji_pinj1243.txt,,NA,,NA
v_pintupiluritjapint1250,Pintupi-Luritja,pint1250,Pintupi-Luritja,piu,Australia,-23.2963,130.643,Pama-Nyungan,PintupiLuritja_pint1250,varikin,PintupiLuritja_pint1250.txt,,NA,,NA
v_pipilpipi1250,Pipil,pipi1250,Pipil,ppl,North America,13.8931,-89.443,Uto-Aztecan,Pipil_pipi1250,varikin,Pipil_pipi1250.txt,,NA,,NA
v_pirriyapirr1240,Pirriya,pirr1240,Pirriya,xpa,Australia,-25.48006595,142.5485119,Pama-Nyungan,Pirriya_pirr1240,varikin,Pirriya_pirr1240.txt,,NA,,NA
v_pitjantjatjarapitj1243,Pitjantjatjara,pitj1243,Pitjantjatjara,pjt,Australia,-26.9704,131.357,Pama-Nyungan,Pitjantjatjara_pitj1243,varikin,Pitjantjatjara_pitj1243.txt,,NA,,NA
v_pittapittapitt1247,Pitta Pitta,pitt1247,Pitta Pitta,pit,Australia,-22.7952,139.983,Pama-Nyungan,Pitta_Pitta_pitt1247,varikin,Pitta_Pitta_pitt1247.txt,,NA,,NA
v_pokomopoko1261,Pokomo,poko1261,Pokomo,pkb,Africa,-2.31587,40.2897,Atlantic-Congo,Pokomo_poko1261,varikin,Pokomo_poko1261.txt,,NA,,NA
v_polcipolc1243,Polci,polc1243,Polci,plj,Africa,10.0258,9.53362,Afro-Asiatic,Polci_polc1243,varikin,Polci_polc1243.txt,,NA,,NA
v_polishpoli1260,Polish,poli1260,Polish,pol,Eurasia,51.8439,18.6255,Indo-European,Polish_poli1260,varikin,Polish_poli1260.txt,,NA,,NA
v_portugueseport1283,Portuguese,port1283,Portuguese,por,Eurasia,39.91,-8.1,Indo-European,Portuguese_port1283,varikin,Portuguese_port1283.txt,,NA,,NA
v_praiphai1238,Prai,phai1238,Prai,prt,Eurasia,19.0383,101.218,Austroasiatic,Prai_phai1238,varikin,Prai_phai1238.txt,,NA,,NA
v_puinavepuin1248,Puinave,puin1248,Puinave,pui,South America,3.92974,-67.6886,,Puinave_puin1248,varikin,Puinave_puin1248.txt,,NA,,NA
v_pumepume1238,Pumé,pume1238,Pumé,yae,South America,7.10677,-67.5996,,Pumé_pume1238,varikin,Pumé_pume1238.txt,,NA,,NA
v_punupunu1239,Punu,punu1239,Punu,puu,Africa,-2.67362,11.6714,Atlantic-Congo,Punu_punu1239,varikin,Punu_punu1239.txt,,NA,,NA
v_puyumapuyu1239,Puyuma,puyu1239,Puyuma,pyu,Papunesia,22.643,120.996,Austronesian,Puyuma_puyu1239,varikin,Puyuma_puyu1239.txt,,NA,,NA
v_qawasquarqawa1238,Qawasqar,qawa1238,Qawasqar,alc,South America,-49.303195,-74.707536,,Qawasquar_qawa1238,varikin,Qawasquar_qawa1238.txt,,NA,,NA
v_quechanquec1382,Quechan,quec1382,Quechan,yum,North America,32.7859,-114.599,,Quechan_quec1382,varikin,Quechan_quec1382.txt,,NA,,NA
v_raroianstuam1242,Tuamotuan,tuam1242,Tuamotuan,pmt,Papunesia,-16.17259,-146.321755,Austronesian,Raroians_tuam1242,varikin,Raroians_tuam1242.txt,,NA,,NA
v_rennellislandersrenn1242,Rennell-Bellona,renn1242,Rennell-Bellona,mnv,Papunesia,-11.6237,160.265,Austronesian,Rennell_Islanders_renn1242,varikin,Rennell_Islanders_renn1242.txt,,NA,,NA
v_ritharrngurita1239,Ritarungo,rita1239,Ritarungo,rit,Australia,-13.4559,135.259,Pama-Nyungan,Ritharrngu_rita1239,varikin,Ritharrngu_rita1239.txt,,NA,,NA
v_romanianroma1327,Romanian,roma1327,Romanian,ron,Eurasia,46.3913,24.2256,Indo-European,Romanian_roma1327,varikin,Romanian_roma1327.txt,,NA,,NA
v_rotinesetermanuterm1237,Termanu,term1237,Termanu,twu,Papunesia,-10.7326,123.169,Austronesian,Rotinese_Termanu__term1237,varikin,Rotinese_Termanu__term1237.txt,,NA,,NA
v_rotumansrotu1241,Rotuman,rotu1241,Rotuman,rtm,Papunesia,-12.5008,177.066,Austronesian,Rotumans_rotu1241,varikin,Rotumans_rotu1241.txt,,NA,,NA
v_rundirund1242,Rundi,rund1242,Rundi,run,Africa,-2.94,29.97,Atlantic-Congo,Rundi_rund1242,varikin,Rundi_rund1242.txt,,NA,,NA
v_russianruss1263,Russian,russ1263,Russian,rus,Eurasia,59,50,Indo-European,Russian_russ1263,varikin,Russian_russ1263.txt,,NA,,NA
v_rutulshin1265,Shina (Nakh-Daghestan),shin1265,Shina (Nakh-Daghestan),,Eurasia,NA,NA,Nakh-Daghestanian,Rutul_shin1265,varikin,Rutul_shin1265.txt,,NA,,NA
v_saasaaa1240,Sa'a,saaa1240,Sa'a,apb,Papunesia,-9.60258,161.467,Austronesian,Sa_a_saaa1240,varikin,Sa_a_saaa1240.txt,,NA,,NA
v_sakatasaka1287,Sakata,saka1287,Sakata,skt,Africa,-2.85653,17.9669,Atlantic-Congo,Sakata_saka1287,varikin,Sakata_saka1287.txt,,NA,,NA
v_sakesake1247,Sake,sake1247,Sake,sak,Africa,0.25188,11.787,Atlantic-Congo,Sake_sake1247,varikin,Sake_sake1247.txt,,NA,,NA
v_samoansamo1305,Samoan,samo1305,Samoan,smo,Papunesia,-13.92,-171.83,Austronesian,Samoan_samo1305,varikin,Samoan_samo1305.txt,,NA,,NA
v_sanapanasana1298,Sanapaná,sana1298,Sanapaná,spn,South America,-22.49,-58.38,,Sanapana_sana1298,varikin,Sanapana_sana1298.txt,,NA,,NA
v_sangosang1331,Sanga (Democratic Republic of Congo),sang1331,Sanga (Democratic Republic of Congo),sng,Africa,-10.0236,26.8462,Atlantic-Congo,Sango_sang1331,varikin,Sango_sang1331.txt,,NA,,NA
v_sangusang1333,Sangu (Gabon),sang1333,Sangu (Gabon),snq,Africa,-1.52694,11.9098,Atlantic-Congo,Sangu_sang1333,varikin,Sangu_sang1333.txt,,NA,,NA
v_sangutanzaniasang1330,Sangu (Tanzania),sang1330,Sangu (Tanzania),sbp,Africa,-8.4,33.9,Atlantic-Congo,Sangu_Tanzania__sang1330,varikin,Sangu_Tanzania__sang1330.txt,,NA,,NA
v_sansalvadorkongosans1272,Cimbala-Cizali,sans1272,San Salvador Kongo,kwy,Africa,-5.33539,13.3587,Atlantic-Congo,San_Salvador_Kongo_sans1272,varikin,San_Salvador_Kongo_sans1272.txt,,NA,,NA
v_sanskritsans1269,Sanskrit,sans1269,Sanskrit,san,Eurasia,20,77,Indo-European,Sanskrit_sans1269,varikin,Sanskrit_sans1269.txt,,NA,,NA
v_sardiniansard1257,Sardinian,sard1257,Sardinian,,,NA,NA,Indo-European,Sardinian_sard1257,varikin,Sardinian_sard1257.txt,,NA,,NA
v_saterfriesischsate1242,Ems-Weser Frisian,sate1242,Ems-Weser Frisian,stq,Eurasia,53.117,7.721,Indo-European,Saterfriesisch_sate1242,varikin,Saterfriesisch_sate1242.txt,,NA,,NA
v_sekiseki1238,Seki,seki1238,Seki,syi,Africa,1.52302,9.79206,Atlantic-Congo,Seki_seki1238,varikin,Seki_seki1238.txt,,NA,,NA
v_selknamonaa1245,Selk'nam,onaa1245,Selk'nam,ona,South America,-54,-68.5,,Selk_nam_onaa1245,varikin,Selk_nam_onaa1245.txt,,NA,,NA
v_selkupselk1253,Selkup,selk1253,Selkup,sel,Eurasia,59.9409,82.3004,Uralic,Selkup_selk1253,varikin,Selkup_selk1253.txt,,NA,,NA
v_serbocroationsout1528,Serbian-Croatian-Bosnian,sout1528,Serbian-Croatian-Bosnian,hbs,Eurasia,44.15,18.81,Indo-European,Serbocroation_sout1528,varikin,Serbocroation_sout1528.txt,,NA,,NA
v_serbsserb1264,Serbian Standard,serb1264,Serbian Standard,srp,Eurasia,44.3238,21.9192,Indo-European,Serbs_serb1264,varikin,Serbs_serb1264.txt,,NA,,NA
v_seriseri1257,Seri,seri1257,Seri,sei,North America,28.9877,-112.384,,Seri_seri1257,varikin,Seri_seri1257.txt,,NA,,NA
v_serranoserr1255,Serrano,serr1255,Serrano,ser,North America,33.9479,-116.772,Uto-Aztecan,Serrano_serr1255,varikin,Serrano_serr1255.txt,,NA,,NA
v_shastashas1239,Shasta,shas1239,Shasta,sht,North America,41.7587,-122.738,,Shasta_shas1239,varikin,Shasta_shas1239.txt,,NA,,NA
v_shipiboship1254,Shipibo-Conibo,ship1254,Shipibo-Conibo,shp,South America,-7.17105,-74.8219,Pano-Tacanan,Shipibo_ship1254,varikin,Shipibo_ship1254.txt,,NA,,NA
v_shishii1238,Shi,shii1238,Shi,shr,Africa,-2.55777,28.6122,Atlantic-Congo,Shi_shii1238,varikin,Shi_shii1238.txt,,NA,,NA
v_shonashon1251,Shona,shon1251,Shona,sna,Africa,-17.20849,29.75725,Atlantic-Congo,Shona_shon1251,varikin,Shona_shon1251.txt,,NA,,NA
v_shoshonishos1248,Shoshoni,shos1248,Shoshoni,shh,North America,41,-116,Uto-Aztecan,Shoshoni_shos1248,varikin,Shoshoni_shos1248.txt,,NA,,NA
v_sindhisind1272,Sindhi,sind1272,Sindhi,snd,Eurasia,26,69,Indo-European,Sindhi_sind1272,varikin,Sindhi_sind1272.txt,,NA,,NA
v_sinhalasinh1246,Sinhala,sinh1246,Sinhala,sin,Eurasia,8,81,Indo-European,Sinhala_sinh1246,varikin,Sinhala_sinh1246.txt,,NA,,NA
v_sionsion1247,Siona-Tetete,sion1247,Siona-Tetete,snn,South America,0.31733,-76.0237,,Sion_sion1247,varikin,Sion_sion1247.txt,,NA,,NA
v_sirasira1266,Sira,sira1266,Sira,swj,Africa,-1.78084,10.4635,Atlantic-Congo,Sira_sira1266,varikin,Sira_sira1266.txt,,NA,,NA
v_slovakianslov1269,Slovak,slov1269,Slovak,slk,Eurasia,48.545705,18.78479,Indo-European,Slovakian_slov1269,varikin,Slovakian_slov1269.txt,,NA,,NA
v_slovenianslov1268,Slovenian,slov1268,Slovenian,slv,Eurasia,46.2543,14.7766,Indo-European,Slovenian_slov1268,varikin,Slovenian_slov1268.txt,,NA,,NA
v_sogasoga1242,Soga,soga1242,Soga,xog,Africa,0.40456,33.3942,Atlantic-Congo,Soga_soga1242,varikin,Soga_soga1242.txt,,NA,,NA
v_songoorasong1300,Songoora,song1300,Songoora,sod,Africa,-2.21871,26.3477,Atlantic-Congo,Songoora_song1300,varikin,Songoora_song1300.txt,,NA,,NA
v_southeasterntepehuanosout2976,Southeastern Tepehuan,sout2976,Southeastern Tepehuan,stp,North America,23.1584,-103.983,Uto-Aztecan,Southeastern_Tepehuano_sout2976,varikin,Southeastern_Tepehuano_sout2976.txt,,NA,,NA
v_southerncoastaltsimshiannucl1649,Southern-Coastal Tsimshian,nucl1649,Southern-Coastal Tsimshian,tsi,North America,52.59103,-128.544545,,Southern_Coastal_Tsimshian_nucl1649,varikin,Southern_Coastal_Tsimshian_nucl1649.txt,,NA,,NA
v_southernpaiutesout2969,Southern Paiute,sout2969,Southern Paiute,,North America,37,-114,Uto-Aztecan,Southern_Paiute_sout2969,varikin,Southern_Paiute_sout2969.txt,,NA,,NA
v_southerntepehuansout2975,Southern Tepehuan,sout2975,Southern Tepehuan,,,NA,NA,Uto-Aztecan,Southern_Tepehuan_sout2975,varikin,Southern_Tepehuan_sout2975.txt,,NA,,NA
v_southerntepehuanwsout2977,Southwestern Tepehuan,sout2977,Southwestern Tepehuan,tla,North America,23.2553,-104.688,Uto-Aztecan,Southern_Tepehuan_W__sout2977,varikin,Southern_Tepehuan_W__sout2977.txt,,NA,,NA
v_southernuteutee1244,Ute,utee1244,Ute,,North America,38,-109,Uto-Aztecan,Southern_Ute_utee1244,varikin,Southern_Ute_utee1244.txt,,NA,,NA
v_southmarquesansout2866,South Marquesan,sout2866,South Marquesan,mqm,Papunesia,-9.75663,-138.979,Austronesian,South_Marquesan_sout2866,varikin,South_Marquesan_sout2866.txt,,NA,,NA
v_standardcatalanstan1289,Catalan,stan1289,Catalan,cat,Eurasia,41.453,1.569,Indo-European,Standard_Catalan_stan1289,varikin,Standard_Catalan_stan1289.txt,,NA,,NA
v_standardenglishstan1293,English,stan1293,English,eng,Eurasia,53,-1,Indo-European,Standard_English_stan1293,varikin,Standard_English_stan1293.txt,,NA,,NA
v_standardfrenchstan1290,French,stan1290,French,fra,Eurasia,48,2,Indo-European,Standard_French_stan1290,varikin,Standard_French_stan1290.txt,,NA,,NA
v_standardgermanstan1295,German,stan1295,German,deu,Eurasia,48.649,12.4676,Indo-European,Standard_German_stan1295,varikin,Standard_German_stan1295.txt,,NA,,NA
v_standardspanishstan1288,Spanish,stan1288,Spanish,spa,Eurasia,40.4414,-1.11788,Indo-European,Standard_Spanish_stan1288,varikin,Standard_Spanish_stan1288.txt,,NA,,NA
v_sukumasuku1261,Sukuma,suku1261,Sukuma,suk,Africa,-3.16082,32.8765,Atlantic-Congo,Sukuma_suku1261,varikin,Sukuma_suku1261.txt,,NA,,NA
v_sukusuku1259,Suku,suku1259,Suku,sub,Africa,-5.76495,17.7736,Atlantic-Congo,Suku_suku1259,varikin,Suku_suku1259.txt,,NA,,NA
v_sumbwasumb1240,Sumbwa,sumb1240,Sumbwa,suw,Africa,-3.47335,31.9457,Atlantic-Congo,Sumbwa_sumb1240,varikin,Sumbwa_sumb1240.txt,,NA,,NA
v_suundisuun1239,Suundi,suun1239,Suundi,sdj,Africa,-4.58488,13.3212,Atlantic-Congo,Suundi_suun1239,varikin,Suundi_suun1239.txt,,NA,,NA
v_swedishswed1254,Swedish,swed1254,Swedish,swe,Eurasia,59.800634,17.389526,Indo-European,Swedish_swed1254,varikin,Swedish_swed1254.txt,,NA,,NA
v_taabwashil1264,Shila,shil1264,Shila,,Africa,NA,NA,Atlantic-Congo,Taabwa_shil1264,varikin,Taabwa_shil1264.txt,,NA,,NA
v_tahitianstahi1242,Tahitian,tahi1242,Tahitian,tah,Papunesia,-17.6485,-149.45,Austronesian,Tahitians_tahi1242,varikin,Tahitians_tahi1242.txt,,NA,,NA
v_tajiktaji1245,Tajik,taji1245,Tajik,tgk,Eurasia,38.8213,68.5549,Indo-European,Tajik_taji1245,varikin,Tajik_taji1245.txt,,NA,,NA
v_tamiltami1289,Tamil,tami1289,Tamil,tam,Eurasia,10.520219,78.825989,Dravidian,Tamil_tami1289,varikin,Tamil_tami1289.txt,,NA,,NA
v_tanalatana1285,Tanala,tana1285,Tañala,,Africa,NA,NA,Austronesian,Tanala_tana1285,varikin,Tanala_tana1285.txt,,NA,,NA
v_tarahumaracent2131,Central Tarahumara,cent2131,Central Tarahumara,tar,North America,27.5648,-107.154,Uto-Aztecan,Tarahumara_cent2131,varikin,Tarahumara_cent2131.txt,,NA,,NA
v_tehuelchetehu1242,Tehuelche,tehu1242,Tehuelche,teh,South America,-47.5796,-68.3235,,Tehuelche_tehu1242,varikin,Tehuelche_tehu1242.txt,,NA,,NA
v_telugutelu1262,Telugu,telu1262,Telugu,tel,Eurasia,16.4529,78.7024,Dravidian,Telugu_telu1262,varikin,Telugu_telu1262.txt,,NA,,NA
v_temitemi1247,Temi,temi1247,Temi,soz,Africa,-2.19303,35.8035,Atlantic-Congo,Temi_temi1247,varikin,Temi_temi1247.txt,,NA,,NA
v_tetelatete1250,Tetela,tete1250,Tetela,tll,Africa,-4.29314,24.546,Atlantic-Congo,Tetela_tete1250,varikin,Tetela_tete1250.txt,,NA,,NA
v_tikopiatiko1237,Tikopia,tiko1237,Tikopia,tkp,Papunesia,-12.2766,168.822,Austronesian,Tikopia_tiko1237,varikin,Tikopia_tiko1237.txt,,NA,,NA
v_tivtivv1240,Tiv,tivv1240,Tiv,tiv,Africa,6.88039,9.26287,Atlantic-Congo,Tiv_tivv1240,varikin,Tiv_tivv1240.txt,,NA,,NA
v_tlingittlin1245,Tlingit,tlin1245,Tlingit,tli,North America,59.4447,-135.29,,Tlingit_tlin1245,varikin,Tlingit_tlin1245.txt,,NA,,NA
v_tobatoba1269,Toba,toba1269,Toba,tob,South America,-23.77,-61.96,,Toba_toba1269,varikin,Toba_toba1269.txt,,NA,,NA
v_todatoda1252,Toda,toda1252,Toda,tcx,Eurasia,11.4184,77.0168,Dravidian,Toda_toda1252,varikin,Toda_toda1252.txt,,NA,,NA
v_tohonooodhamtoho1245,Tohono O'odham,toho1245,Tohono O'odham,ood,North America,31.7973,-111.995,Uto-Aztecan,Tohono_O_odham_toho1245,varikin,Tohono_O_odham_toho1245.txt,,NA,,NA
v_tokelautoke1240,Tokelau,toke1240,Tokelau,tkl,Papunesia,-9.227642,-171.780833,Austronesian,Tokelau_toke1240,varikin,Tokelau_toke1240.txt,,NA,,NA
v_tokharianatokh1242,Tokharian A,tokh1242,Tokharian A,xto,Eurasia,42.98,89.18,Indo-European,Tokharian_A_tokh1242,varikin,Tokharian_A_tokh1242.txt,,NA,,NA
v_tokharianbtokh1243,Tokharian B,tokh1243,Tokharian B,txb,Eurasia,41.65,82.9,Indo-European,Tokharian_B_tokh1243,varikin,Tokharian_B_tokh1243.txt,,NA,,NA
v_tolowatolo1259,Tolowa-Chetco,tolo1259,Tolowa-Chetco,tol,North America,41.9192,-124.1,,Tolowa_tolo1259,varikin,Tolowa_tolo1259.txt,,NA,,NA
v_tongantong1325,Tonga (Tonga Islands),tong1325,Tonga (Tonga Islands),ton,Papunesia,-21.17,-175.25,Austronesian,Tongan_tong1325,varikin,Tongan_tong1325.txt,,NA,,NA
v_tonganyasatong1321,Tonga (Nyasa),tong1321,Tonga (Nyasa),tog,Africa,-12.0816,34.0613,Atlantic-Congo,Tonga_Nyasa__tong1321,varikin,Tonga_Nyasa__tong1321.txt,,NA,,NA
v_tongarevanspenr1237,Māngarongaro,penr1237,Māngarongaro,pnh,Papunesia,-9.082238,-157.922908,Austronesian,Tongarevans_penr1237,varikin,Tongarevans_penr1237.txt,,NA,,NA
v_toorotoor1238,Tooro,toor1238,Tooro,ttj,Africa,0.57291,30.6389,Atlantic-Congo,Tooro_toor1238,varikin,Tooro_toor1238.txt,,NA,,NA
v_trinitariotrin1274,Trinitario,trin1274,Trinitario-Javeriano-Loretano,trn,South America,-15.3331,-65.4096,Arawakan,Trinitario_trin1274,varikin,Trinitario_trin1274.txt,,NA,,NA
v_trumaitrum1247,Trumai,trum1247,Trumai,tpy,South America,-11.8119,-53.5717,,Trumai_trum1247,varikin,Trumai_trum1247.txt,,NA,,NA
v_tsaangitsaa1242,Tsaangi,tsaa1242,Tsaangi,tsa,Africa,-2.29245,12.7581,Atlantic-Congo,Tsaangi_tsaa1242,varikin,Tsaangi_tsaa1242.txt,,NA,,NA
v_tsafikicolo1249,Colombian Sign Language,colo1249,Colombian Sign Language,csn,South America,5.33532,-75.4464,,Tsafiki_colo1249,varikin,Tsafiki_colo1249.txt,,NA,,NA
v_tsogotsog1243,Tsogo,tsog1243,Tsogo,tsv,Africa,-1.55469,11.1359,Atlantic-Congo,Tsogo_tsog1243,varikin,Tsogo_tsog1243.txt,,NA,,NA
v_tsongatson1249,Tsonga,tson1249,Tsonga,tso,Africa,-23.5754,31.8105,Atlantic-Congo,Tsonga_tson1249,varikin,Tsonga_tson1249.txt,,NA,,NA
v_tswanatswa1253,Tswana,tswa1253,Tswana,tsn,Africa,-24.368,24.7587,Atlantic-Congo,Tswana_tswa1253,varikin,Tswana_tswa1253.txt,,NA,,NA
v_tubartuba1279,Tubar,tuba1279,Tubar,tbu,North America,30,-111,Uto-Aztecan,Tubar_tuba1279,varikin,Tubar_tuba1279.txt,,NA,,NA
v_tubatulabaltuba1278,Tübatulabal,tuba1278,Tübatulabal,tub,North America,35.327,-117.163,Uto-Aztecan,Tübatülabal_tuba1278,varikin,Tübatülabal_tuba1278.txt,,NA,,NA
v_tucanotuca1252,Tucano,tuca1252,Tucano,tuo,South America,0.579755,-69.5763,,Tucano_tuca1252,varikin,Tucano_tuca1252.txt,,NA,,NA
v_tumpishashoshonipana1305,Panamint,pana1305,Panamint,par,North America,36.0007,-117.901,Uto-Aztecan,Tümpisha_Shoshoni_pana1305,varikin,Tümpisha_Shoshoni_pana1305.txt,,NA,,NA
v_tundranenetsnene1249,Tundra Nenets,nene1249,Tundra Nenets,yrk,Eurasia,66.1775,71.0234,Uralic,Tundra_Nenets_nene1249,varikin,Tundra_Nenets_nene1249.txt,,NA,,NA
v_tupinambatupi1273,Tupinambá,tupi1273,Tupinambá,tpn,South America,-22.807778,-42.106389,Tupian,Tupinambá_tupi1273,varikin,Tupinambá_tupi1273.txt,,NA,,NA
v_tuyucatuyu1244,Tuyuca,tuyu1244,Tuyuca,tue,South America,0.39441,-70.043515,,Tuyuca_tuyu1244,varikin,Tuyuca_tuyu1244.txt,,NA,,NA
v_tzeltaltzel1254,Tzeltal,tzel1254,Tzeltal,tzh,North America,16.6384,-92.2786,,Tzeltal_tzel1254,varikin,Tzeltal_tzel1254.txt,,NA,,NA
v_udmurtudmu1245,Udmurt,udmu1245,Udmurt,udm,Eurasia,56.12921,52.63548,Uralic,Udmurt_udmu1245,varikin,Udmurt_udmu1245.txt,,NA,,NA
v_ukrainianukra1253,Ukrainian,ukra1253,Ukrainian,ukr,Eurasia,49.796,29.945,Indo-European,Ukrainian_ukra1253,varikin,Ukrainian_ukra1253.txt,,NA,,NA
v_ulawaulaw1237,Ulawa,ulaw1237,Ulawa,,Papunesia,NA,NA,Austronesian,Ulawa_ulaw1237,varikin,Ulawa_ulaw1237.txt,,NA,,NA
v_umbunduumbu1257,Umbundu,umbu1257,Umbundu,umb,Africa,-12.4763,14.4148,Atlantic-Congo,Umbundu_umbu1257,varikin,Umbundu_umbu1257.txt,,NA,,NA
v_umpilaumpi1239,Umpila,umpi1239,Umpila,ump,Australia,-13.1528,143.467,Pama-Nyungan,Umpila_umpi1239,varikin,Umpila_umpi1239.txt,,NA,,NA
v_urduurdu1245,Urdu,urdu1245,Urdu,urd,Eurasia,25,67,Indo-European,Urdu_urdu1245,varikin,Urdu_urdu1245.txt,,NA,,NA
v_vendavend1245,Venda,vend1245,Venda,ven,Africa,-22.188,29.9523,Atlantic-Congo,Venda_vend1245,varikin,Venda_vend1245.txt,,NA,,NA
v_vepsveps1250,Veps,veps1250,Veps,vep,Eurasia,60.3353,34.7865,Uralic,Veps_veps1250,varikin,Veps_veps1250.txt,,NA,,NA
v_vilivili1238,Vili,vili1238,Vili,vif,Africa,-4.06716,11.3804,Atlantic-Congo,Vili_vili1238,varikin,Vili_vili1238.txt,,NA,,NA
v_vlaxromanivlax1238,Vlax Romani,vlax1238,Vlax Romani,rmy,Eurasia,46.09,18.16,Indo-European,Vlax_Romani_vlax1238,varikin,Vlax_Romani_vlax1238.txt,,NA,,NA
v_wailakiwail1244,Eel River Athabaskan,wail1244,Eel River Athabaskan,wlk,North America,39.1513,-123.284,,Wailaki_wail1244,varikin,Wailaki_wail1244.txt,,NA,,NA
v_waiwaiwaiw1244,Waiwai,waiw1244,Waiwai,waw,South America,1.50881,-59.1417,Cariban,Wai_Wai_waiw1244,varikin,Wai_Wai_waiw1244.txt,,NA,,NA
v_wajarriwaja1257,Wajarri,waja1257,Wajarri,wbv,Australia,-28.1761,117.153,Pama-Nyungan,Wajarri_waja1257,varikin,Wajarri_waja1257.txt,,NA,,NA
v_wakayawaga1260,Wagaya,waga1260,Wagaya,wga,Australia,-20.329,137.623,Pama-Nyungan,Wakaya_waga1260,varikin,Wakaya_waga1260.txt,,NA,,NA
v_wallonwall1255,Walloon,wall1255,Walloon,wln,Eurasia,50.2235,5.14509,Indo-European,Wallon_wall1255,varikin,Wallon_wall1255.txt,,NA,,NA
v_wangkangurruwang1290,Wangganguru,wang1290,Wangganguru,wgg,Australia,-25.8148,135.941,Pama-Nyungan,Wangkangurru_wang1290,varikin,Wangkangurru_wang1290.txt,,NA,,NA
v_wangkumarawong1246,Wangkumara,wong1246,Wangkumara,xwk,Australia,NA,NA,Pama-Nyungan,Wangkumara_wong1246,varikin,Wangkumara_wong1246.txt,,NA,,NA
v_waoraniwaor1240,Waorani,waor1240,Waorani,auc,South America,-1.12312,-76.683,,Waorani_waor1240,varikin,Waorani_waor1240.txt,,NA,,NA
v_wapishanawapi1253,Wapishana,wapi1253,Wapishana,wap,South America,2.58744,-59.8021,Arawakan,Wapishana_wapi1253,varikin,Wapishana_wapi1253.txt,,NA,,NA
v_wappowapp1239,Wappo,wapp1239,Wappo,wao,North America,38.25,-122.5,,Wappo_wapp1239,varikin,Wappo_wapp1239.txt,,NA,,NA
v_wariwari1268,Wari',wari1268,Wari',pav,South America,-10.69948,-64.56152,,Wari__wari1268,varikin,Wari__wari1268.txt,,NA,,NA
v_warlmanpawarl1255,Warlmanpa,warl1255,Warlmanpa,wrl,Australia,-18.949,133.862,Pama-Nyungan,Warlmanpa_warl1255,varikin,Warlmanpa_warl1255.txt,,NA,,NA
v_warlpiriwarl1254,Warlpiri,warl1254,Warlpiri,wbp,Australia,-20.1008,131.05,Pama-Nyungan,Warlpiri_warl1254,varikin,Warlpiri_warl1254.txt,,NA,,NA
v_warnmanwanm1242,Wanman,wanm1242,Wanman,wbt,Australia,-22.7078,122.325,Pama-Nyungan,Warnman_wanm1242,varikin,Warnman_wanm1242.txt,,NA,,NA
v_waropenwaro1242,Waropen,waro1242,Waropen,wrp,Papunesia,-2.31142,136.633,Austronesian,Waropen_waro1242,varikin,Waropen_waro1242.txt,,NA,,NA
v_warumunguwaru1265,Warumungu,waru1265,Warumungu,wrm,Australia,-20.6479,134.375,Pama-Nyungan,Warumungu_waru1265,varikin,Warumungu_waru1265.txt,,NA,,NA
v_warunguwaru1264,Warrongo,waru1264,Warrongo,wrg,Australia,-18.2496,144.37,Pama-Nyungan,Warungu_waru1264,varikin,Warungu_waru1264.txt,,NA,,NA
v_waurawaur1244,Waurá,waur1244,Waurá,wau,South America,-13.296,-53.6971,Arawakan,Waurá_waur1244,varikin,Waurá_waur1244.txt,,NA,,NA
v_wayuuwayu1243,Wayuu,wayu1243,Wayuu,guc,South America,11.395566,-72.199791,Arawakan,Wayuu_wayu1243,varikin,Wayuu_wayu1243.txt,,NA,,NA
v_westernapachewest2615,Western Apache,west2615,Western Apache,apw,North America,33.8574,-110.123,,Western_Apache_west2615,varikin,Western_Apache_west2615.txt,,NA,,NA
v_westernarmenianhoms1234,Western Armenian,homs1234,Western Armenian,hyw,Eurasia,40.1897,44.4839,Indo-European,Western_Armenian_homs1234,varikin,Western_Armenian_homs1234.txt,,NA,,NA
v_westernfarsiwest2369,Western Farsi,west2369,Western Farsi,pes,Eurasia,32.9,53.3,Indo-European,Western_Farsi_west2369,varikin,Western_Farsi_west2369.txt,,NA,,NA
v_westernpanjabiwest2386,Western Panjabi,west2386,Western Panjabi,pnb,Eurasia,30.0948,75.3474,Indo-European,Western_Panjabi_west2386,varikin,Western_Panjabi_west2386.txt,,NA,,NA
v_westernshoshoniwest2622,Western Shoshoni,west2622,Western Shoshoni,,North America,NA,NA,Uto-Aztecan,Western_Shoshoni_west2622,varikin,Western_Shoshoni_west2622.txt,,NA,,NA
v_whitemesauteutee1244b,Ute,utee1244,Ute,,North America,38,-109,Uto-Aztecan,White_Mesa_Ute_utee1244b,varikin,White_Mesa_Ute_utee1244b.txt,,NA,,NA
v_wichiwich1264,Wichí Lhamtés Güisnay,wich1264,Wichí Lhamtés Güisnay,mzh,South America,-23.1633,-62.1757,,Wichí_wich1264,varikin,Wichí_wich1264.txt,,NA,,NA
v_wikmungkanwikm1247,Wik-Mungkan,wikm1247,Wik-Mungkan,wim,Australia,-13.98051,141.81611,Pama-Nyungan,WikMungkan_wikm1247,varikin,WikMungkan_wikm1247.txt,,NA,,NA
v_wiradjuriwira1262,Wiradhuri,wira1262,Wiradhuri,wrh,Australia,-34.0742,145.994,Pama-Nyungan,Wiradjuri_wira1262,varikin,Wiradjuri_wira1262.txt,,NA,,NA
v_wiranguwira1265,Wirangu,wira1265,Wirangu,wgu,Australia,-32,134,Pama-Nyungan,Wirangu_wira1265,varikin,Wirangu_wira1265.txt,,NA,,NA
v_wiyotwiyo1248,Wiyot,wiyo1248,Wiyot,wiy,North America,39.2492,-122.952,Algic,Wiyot_wiyo1248,varikin,Wiyot_wiyo1248.txt,,NA,,NA
v_woiwurrungwoiw1237,Woiwurrung-Thagungwurrung,woiw1237,Woiwurrung-Thagungwurrung,wyi,Australia,-37.64264501,145.5879962,Pama-Nyungan,Woiwurrung_woiw1237,varikin,Woiwurrung_woiw1237.txt,,NA,,NA
v_wulguruwulg1239,Wulguru,wulg1239,Wulguru,qgu,Australia,-19.85103121,146.3453957,Pama-Nyungan,Wulguru_wulg1239,varikin,Wulguru_wulg1239.txt,,NA,,NA
v_wuvuluauawuvu1239,Wuvulu-Aua,wuvu1239,Wuvulu-Aua,wuv,Papunesia,-1.73938,142.851,Austronesian,Wuvulu_Aua_wuvu1239,varikin,Wuvulu_Aua_wuvu1239.txt,,NA,,NA
v_yakacaryaka1272,Yaka (Central African Republic),yaka1272,Yaka (Central African Republic),axk,Africa,3.6515,17.2713,Atlantic-Congo,Yaka_CAR__yaka1272,varikin,Yaka_CAR__yaka1272.txt,,NA,,NA
v_yakapelendelonzoyaka1269,Yaka-Pelende-Lonzo,yaka1269,Yaka-Pelende-Lonzo,yaf,Africa,-6.93964,16.9965,Atlantic-Congo,Yaka_Pelende_Lonzo_yaka1269,varikin,Yaka_Pelende_Lonzo_yaka1269.txt,,NA,,NA
v_yalarnngayala1262,Yalarnnga,yala1262,Yalarnnga,ylr,Australia,-21.731,139.511,Pama-Nyungan,Yalarnnga_yala1262,varikin,Yalarnnga_yala1262.txt,,NA,,NA
v_yamanayama1264,Yámana,yama1264,Yámana,yag,South America,-55.2748,-68.2648,,Yamana_yama1264,varikin,Yamana_yama1264.txt,,NA,,NA
v_yamitaoyami1254,Yami,yami1254,Yami,tao,Papunesia,22.055,121.544,Austronesian,Yami_Tao__yami1254,varikin,Yami_Tao__yami1254.txt,,NA,,NA
v_yandruwandhayand1253,Yandruwandha,yand1253,Yandruwandha,ynd,Australia,-28.4744,140.583,Pama-Nyungan,Yandruwandha_yand1253,varikin,Yandruwandha_yand1253.txt,,NA,,NA
v_yanomamiyano1262,Yanomám,yano1262,Yanomám,wca,South America,2.48999,-62.8522,,Yanomámi_yano1262,varikin,Yanomámi_yano1262.txt,,NA,,NA
v_yansiyans1239,Yansi,yans1239,Yansi,yns,Africa,-3.8231,18.2341,Atlantic-Congo,Yansi_yans1239,varikin,Yansi_yans1239.txt,,NA,,NA
v_yanyuwayany1243,Yanyuwa,yany1243,Yanyuwa,jao,Australia,-15.7621,136.055,Pama-Nyungan,Yanyuwa_yany1243,varikin,Yanyuwa_yany1243.txt,,NA,,NA
v_yaoyaoo1241,Yao,yaoo1241,Yao,yao,Africa,-13.6119,35.2387,Atlantic-Congo,Yao_yaoo1241,varikin,Yao_yaoo1241.txt,,NA,,NA
v_yaquiyaqu1251,Yaqui,yaqu1251,Yaqui,yaq,North America,29.9446,-110.681,Uto-Aztecan,Yaqui_yaqu1251,varikin,Yaqui_yaqu1251.txt,,NA,,NA
v_yarluyandingam1265,Ngamini-Yarluyandi-Karangura,ngam1265,Ngamini-Yarluyandi-Karangura,nmv,Australia,-27.1797,138.701,Pama-Nyungan,Yarluyandi_ngam1265,varikin,Yarluyandi_ngam1265.txt,,NA,,NA
v_yaviteroyavi1244,Yavitero,yavi1244,Yavitero-Pareni,yvt,South America,2.800281,-68.084219,Arawakan,Yavitero_yavi1244,varikin,Yavitero_yavi1244.txt,,NA,,NA
v_yerukulayeru1240,Yerukula,yeru1240,Yerukula,yeu,Eurasia,17.3702,81.9748,Dravidian,Yerukula_yeru1240,varikin,Yerukula_yeru1240.txt,,NA,,NA
v_yidinyyidi1250,Yidiñ,yidi1250,Yidiñ,yii,Australia,-17.1332,145.876,Pama-Nyungan,Yidiny_yidi1250,varikin,Yidiny_yidi1250.txt,,NA,,NA
v_yindjibarndiyind1247,Yindjibarndi,yind1247,Yindjibarndi,yij,Australia,-21.5379,117.001,Pama-Nyungan,Yindjibarndi_yind1247,varikin,Yindjibarndi_yind1247.txt,,NA,,NA
v_yombeyomb1244,Yombe,yomb1244,Yombe,yom,Africa,-4.86227,12.6362,Atlantic-Congo,Yombe_yomb1244,varikin,Yombe_yomb1244.txt,,NA,,NA
v_yortayortayort1237,Yorta Yorta,yort1237,Yorta Yorta,xyy,Australia,-35.9,145.01,Pama-Nyungan,Yorta_Yorta_yort1237,varikin,Yorta_Yorta_yort1237.txt,,NA,,NA
v_yucatecmayayuca1254,Yucatec Maya,yuca1254,Yucatec Maya,yua,North America,18.7757,-88.9567,,Yucatec_Maya_yuca1254,varikin,Yucatec_Maya_yuca1254.txt,,NA,,NA
v_yugambehyugu1249,Yugumbir,yugu1249,Yugumbir,,Australia,NA,NA,Pama-Nyungan,Yugambeh_yugu1249,varikin,Yugambeh_yugu1249.txt,,NA,,NA
v_yukiyuki1243,Northern Yukian,yuki1243,Northern Yukian,yuk,North America,39.8389,-123.296,,Yuki_yuki1243,varikin,Yuki_yuki1243.txt,,NA,,NA
v_yulparijayulp1239,Yulparija,yulp1239,Yulparija,,Australia,-18.923519,122.370316,Pama-Nyungan,Yulparija_yulp1239,varikin,Yulparija_yulp1239.txt,,NA,,NA
v_yurokyuro1248,Yurok,yuro1248,Yurok,yur,North America,41.3262,-123.824,Algic,Yurok_yuro1248,varikin,Yurok_yuro1248.txt,,NA,,NA
v_yuwaalaraaygami1243,Yuwaalaraay-Gamilaraay,gami1243,Yuwaalaraay-Gamilaraay,kld,Australia,-29.9037,149.543,Pama-Nyungan,Yuwaalaraay_gami1243,varikin,Yuwaalaraay_gami1243.txt,,NA,,NA
v_zigulazigu1242,Zigula,zigu1242,Zigula,,Africa,-5.61864,38.4114,Atlantic-Congo,Zigula_zigu1242,varikin,Zigula_zigu1242.txt,,NA,,NA
v_zinzazinz1238,Zinza,zinz1238,Zinza,zin,Africa,-2.64132,32.1755,Atlantic-Congo,Zinza_zinz1238,varikin,Zinza_zinz1238.txt,,NA,,NA
v_zuluzulu1248,Zulu,zulu1248,Zulu,zul,Africa,-28.9,30.2,Atlantic-Congo,Zulu_zulu1248,varikin,Zulu_zulu1248.txt,,NA,,NA
v_zunizuni1245,Zuni,zuni1245,Zuni,zun,North America,35.0056,-108.782,,Zuni_zuni1245,varikin,Zuni_zuni1245.txt,,NA,,NA
v_achuarachu1249,Achuar,achu1249,Achuar,acu,South America,-2.83,-77.26,Chicham,Achuar_achu1249,varikin,Achuar_achu1249.txt,,20200713,,NA
v_northernojibwanort2961,Northern Ojibwa,nort2961,Northwestern Ojibwa,obj,North America,51.62,-87.79,Algic,Northern_Ojibwa_nort2961,varikin,Northern_Ojibwa_nort2961.txt,,NA,,NA
v_hunzahunz1248,Hunza,hunz1248,Hunza,,Eurasia,36.22,74.82,Isolate,Hunza_hunz1248,varikin,Hunza_hunz1248.txt,,20200714,The main source used to collect this language used Burusho terms. Burusho is a sub-group of Hunza. ,NA
v_ottowaojibwaotta1242,Ottowa Ojibwa,otta1242,Ottawa,otw,North America,44.6,-83.23,Algic,Ottowa_Ojibwa_otta1242,varikin,Ottowa_Ojibwa_otta1242.txt,,20200715,"Could be ottowa ojibwa, or central ojibwa. The source is unclear. Ottowa's geographic location in Glottolog is closer to the description in the original source",NA
v_ngaatjatjarrangaa1240,Ngaatjatjarra,ngaa1240,Ngaanyatjarra,ntj,Australia,-25.75,127.6,Pama-Nyungan,Ngaatjatjarra_ngaa1240,varikin,Ngaatjatjara_ngaa1240.txt,,20200715,"Ngaatjatjara could be the same as Ngaanyatjarra, in which case the language has been collected twice. ",NA
v_kumaonikuma1273,Kumaoni,kuma1273,Kumaoni,kfy,Eurasia,29.56,80.02,Indo-European,Kumaoni_kuma1273,varikin,Kumaoni_kuma1273.txt,,20200730,,NA
v_keikeii1239,Kei,keii1239,Kei,kei,Papunesia,-5.64,133.02,Austronesian,Kei_keii1239,varikin,Kei_keii1239.csv,,NA,,NA
v_yamdenayamd1240,Yamdena,yamd1240,Yamdena,jmd,Papunesia,-7.74,131.44,Austronesian,Yamdena_yamd1240,varikin,Yamdena_yamd1240.csv,,NA,,NA
v_fordataford1242,Fordata,ford1242,Fordata,frd,Papunesia,-7.29,131.51,Austronesian,Fordata_ford1242,varikin,Fordata_ford1242.csv,,NA,,NA
v_kungjuho1239,"!Kung, Southeastern Ju, or Ju'hoan",juho1239,South-Eastern Ju,ktz,Africa,-19.69,20.77,Kxa,Kung_juho1239,varikin,Kung_juho1239.csv,,20200814,"This language has many different names. Kung was chosen for the project file due to lack of special characters, even if ju'hoansi is the one now viewed to be correct.",NA
v_copp1244,Copper Inuit,copp1244,Inuinnaqtun,,North America,NA,NA,Eskimo-Aleut,Copper_Inuit_copp1244,varikin,Copper_Inuit_copp1244.csv,,NA,,NA
v_nort2944,Nunamiut,nort2944,North Slope Inupiatun,,North America,NA,NA,Eskimo-Aleut,Nunamiut_nort2944,varikin,Nunamiut_nort2944.csv,,NA,,NA
v_nets1241,Netsilik,nets1241,Natsilingmiutut,,North America,NA,NA,Eskimo-Aleut,Netsilik_nets1241,varikin,Netsilik_nets1241.csv,,NA,,NA
